,Id,Password
0,1d604da9-9a81-4ba9-80c2-de3375d59b40,SU58gcpEFga#
1,034e9e3b-2def-4559-bb2a-7850888ae060,Ke76f|2Dv.Ys
2,10339b10-3cd1-4ac3-ac13-ec26728cb592,7COj3|kY1.cg
3,8d4c4326-e9de-4f45-9a4c-f8c36bff89ae,EEUu5Wx*T70o
4,f5dcd418-09fe-4a2f-baa0-3da800bd8c3a,_xBv-0n1fOXE
5,72c0b9ce-7aa4-430b-aaff-bd0ce7846e55,pW9yrhzG*BZJ
6,b1e9b0b9-da6e-4f68-b603-bd896a50ca86,AjQ1.Zn3#Xm*
7,01207ecd-9dff-4754-8887-4652eda231e2,*7*ocWuneNI8
8,b58731cc-2d8b-4c2d-b327-4cab771af3ef,.UU2eydwgA$X
9,cfee79fc-df05-476e-b274-43e09ea345db,iY#cq6SFvVb2
10,ad2e9916-4979-40fc-a8c0-68651a0cb5a6,a$Qf20p7iwcO
11,bfb6537b-535a-4f31-9a56-073220f96a17,T3v_c#dG_q/X
12,83719bd7-7a41-4c87-93f9-c5de4db6a14a,Uhr8p4kWyG|Q
13,76982e06-f8b8-4509-9ca3-65a99c8650fe,e@*cFQiad1qa
14,2ffe9369-24e4-414b-8973-258fad09313a,*JW3uG#Yv5mU
15,e4f1bd35-93ae-418b-b8cf-d39c3fbb069c,Nwg9||8WpTth
16,86b97fc7-ae8f-4e0d-8e66-db68f36e7a76,U2Ahi&afR3i@
17,1c591f0d-95b1-4289-94a9-9713ab3834e7,S1bzbR@wJbkr
18,f1678bde-4814-4d71-bca9-18fdf5282232,$R03WGo/qqt2
19,aac107d8-5187-420f-a90c-448ad49dee41,tUgA#OKuvm/9
20,71ba0469-f0cc-4177-ac70-ea07cb01c8b8,&iR_Zv-YJ4ji
21,518f83f3-a717-4705-a181-06e205df480b,&W2be-$vbI-w
22,2f43a131-a43a-4c8c-a723-cc261adb9cc6,nnEU3Tubsf*9
23,2c634692-05d8-4122-9f46-dd9402e2cfc6,6K|O$3sub2H1
24,860aff27-7431-47ee-968e-554470683160,BR9.teTB5pbK
25,acb4817f-0ece-41d8-b179-82397a95a44a,pHW_*Gp#6mwv
26,bf35e4fa-ea4f-40a4-8fe6-1f2f26e0aa45,HC5h9X@wH1wu
27,c8403116-d069-4130-aa02-39954fc971b5,p9y9BjV.I/Q/
28,b1bc3c89-4e7b-41fd-a58b-9bf4ce2b40a9,z.vs9M&zt6ng
29,50e7ede4-7ca1-4b2c-ae64-6b88b58eeaac,CwYz4Io-8Spp
30,5a8c7f6d-b15c-4c55-b299-5bf8c2b35ad4,EuMqc3|*/M@/
31,73f124a4-e69e-4b8c-a447-e72d23dc54be,bf5_29&dKqMV
32,ad7c452d-c8e9-40ae-a5ed-90b7bd93d2ac,Mg@z4/HX97S&
33,5056439c-015e-4968-9281-2b8c72c3926e,Z1$r7RGbBHZp
34,e20fb002-6dc6-4cea-ba4b-7f528ccf6572,H8@jnNr1JD#/
35,d49f748f-928d-40e8-92c8-73e4c5679711,9ap*A/wZfoh#
36,f592e861-6e2e-46bc-a19d-5485fcbf0d80,kEzE*.X1Sn96
37,8b17ff1e-2b24-46a9-83f7-f8a49e82c604,J7*I1n4d8gD-
38,7723d469-7227-4b58-8f3e-b441197f4134,#hxhdU1pI1jp
39,741831b4-d1a2-407b-b5d7-af61ff550867,pM3purnR@_i&
40,e3af2463-f4c9-4dbb-a8d2-d6a08c5b1460,7/rTk-fQR@Eu
41,31459cc4-45ed-4dee-b160-9f1a148a7724,GZvyp0bS-vCC
42,8908602e-5f0c-4f1e-847f-75a0043eeba7,K.pr0b856spn
43,5be97219-ef35-4c5a-88ab-5f9a2187b7d6,CgC3b.nIJy@9
44,e05dd037-e45f-434a-946d-5c9076a2f596,ysqJE0ci/Wmv
45,ddfa05a6-b8a6-4208-b609-28f9a6a8d79e,eZ.SjvI*1w5f
46,0983e422-3b48-4f1a-936b-bee5f0eb4695,&8*oJJgkZ8FM
47,301ebb70-0078-4989-b5dd-d751f56c404d,Txu.4HWFkDu9
48,d191448b-3fa8-47b8-9440-6b871860956c,MASRpVu07@..
49,45c5c779-d2f9-4bf1-b6ff-deb7ff1fd54c,imVkJA8XS.e$
50,8abe8efb-d431-4465-ad3b-7b3f301b845f,ZGac*INyEb$1
51,32885ae1-d031-4f52-8f91-0e5196f5462a,Nj5/-kyQW9|v
52,c563f50c-54a9-4b37-9028-bff3db7e3e27,uFYhG|v/5AKg
53,f98f2905-6942-4462-9c21-25a512520d90,v7.&-*_|x0JY
54,7a8e4ef0-adf4-4e6d-8d28-5d36886547f4,OyjY&|R@d81q
55,c1b80a65-61e0-4f1b-9e1f-122c6d326034,&_9gpqBJTEgM
56,1d7fe784-8667-47e8-b733-8e6ec0fbb5f9,C$bwNmbC7qJ.
57,b44d4f15-d604-4e24-8114-dc0dc12651d2,-xzm$SFn3-9r
58,bfd66698-4139-4e5e-9982-efa459aa9dca,a32m1XsHK0$S
59,e175908a-09db-4730-a311-4e57ba73438b,1B|#8V#W-yWV
60,937d794b-6e68-4b17-b162-0a41b68f8085,q2BCBoz@dr$v
61,14289f20-085c-4fc8-bdd8-e2074166d91f,Mb6NO#Mu7ezd
62,47a91815-0dca-49df-b1dc-8bb88d8c1b38,DVGQrcizeh&3
63,0f5646bc-a156-4ec0-9252-5b592e3d3184,wKT2D2ibQ@D$
64,66b46e68-f643-4ebd-8ad1-14ebf58e356c,0WytV2.nQ9WJ
65,bb9d00fe-b16e-4832-8aec-b1e9d480d48d,E_$4-4Ksh8mm
66,3800b2a6-2360-40dc-b709-394b4794cc0d,q@WKs5@ExK_A
67,44c8b4c8-4457-4ba0-94b6-285ef327a249,In/.-nnUZzJ9
68,e75ed3bb-d04c-46cc-897e-1938329673ec,uKD_G$Z1fwTB
69,b844f920-ed79-4624-a4da-fe5a201b9baf,dHa|AW3@Dj/d
70,cdef53d5-0537-4073-8874-79fa5e0346e6,Hn61B2w1#Hp_
71,799d0738-d5cd-4161-bdb8-e3c49e21ec66,WGdY&kWO58&#
72,dadd331c-6143-41d1-bffb-d34b321ed157,p2NX#&CTOrMh
73,89752052-a38b-45f0-a590-3950bbb67bec,*6|kWhBJe1#U
74,a9191572-cd67-4184-9945-a25eb3fa6ef0,a5pGkR#S0W*Y
75,bae73dce-20fa-4a6a-8e46-b2ed541f9296,H/5$6orTq|fI
76,da200ea3-c9eb-414b-b22a-86430059fd47,@TzcbISYfh3&
77,711d2093-5eb9-45a6-ad09-4b5c0371ad85,mdIH-qpv$|50
78,89214f7b-82b7-460e-b583-415a688ccc3c,V40-jfM/27$V
79,a47e5737-065e-416f-8257-0c9f14382065,4SdwvF$4.Jj_
80,28f36cfa-7696-4f73-ac4f-427e802199d9,p*mc3_p95nC1
81,ed5cc81e-619f-471d-aee6-2934124c58e4,J@Vapp2$h6Dh
82,dac134fa-7f57-4211-923a-e943a5c11d93,YXv/MH/9bJZ1
83,144edc8e-936e-42d7-8e7d-f3578cf80cc2,G1-@qYOObkA1
84,53d371cc-eb68-4740-a68c-39707c6cb519,kX/q69$q/txA
85,8d1ba4bb-7250-4295-be1c-5d0d423e55f7,Ac.6#Va$rIMx
86,be249d5b-327e-4c30-8fb2-3a1c587fe5ad,FMKvOhdw3#fN
87,846b0d5b-e5f5-4fd6-8ae4-7aa8e13a17c3,4p1UiCuB#Tpv
88,55301b9d-4de5-4ab7-a727-579258ce4e71,bpWRkR&p@I7Y
89,9fe859fa-d775-494d-ae34-fa648e5d186d,B#UHKUu8h48#
90,d721b0eb-f819-472e-997a-b057ca7fab01,CeH489&g|cy.
91,df91aedf-3e17-44c3-b273-62e35f518475,BqOWzpGWY6q*
92,01e1f394-7219-4189-bceb-3cbd90cff90b,-8$xs-UIZr@$
93,f6df6e77-35dc-457b-b998-31b780ada07f,mD8O7&2rQ_J7
94,d1639077-59f3-401f-a058-2ad70502f93f,86Hxj@7mSyvc
95,0c5aa52a-3b1d-4289-af16-29f7a2d07fec,k9.*0BAhFo8S
96,2a88cb57-86fa-4259-93bf-3956e91b07f4,7eng2k*Gs|AC
97,e061409e-4b85-4ec1-b1f7-02677d51f763,#mU8YZmy@&BB
98,d3f08bb8-e79f-4529-a37a-8aebdfbffe6a,$1CkD-B9jxUn
99,6ec4e56c-9a9d-49c8-8fbe-cfef93c14b6b,gpYo_A6V6B7|
100,733bbea8-c5a6-4599-86ec-9a797ce87e5d,9moN5tu6y@mb
101,ea160682-a049-4b6c-929e-a959a1221968,63h9JyzOJv&w
102,76acc19c-38d4-4fa9-83e4-cf9bdc82340d,97@Mbv2k#.DB
103,f71bb059-3634-47a6-b689-04320a5c4387,Q9FwHo$bFtDz
104,ccbd3a61-50ff-4f6f-8d64-8105c3fc54cf,-MyMk6t*0M#m
105,bb9a366c-e4d6-4dd0-9a70-e9f93529d6ff,ryT8*WGUIHKZ
106,8a8eb96d-354d-4d42-9716-738164a19a59,W5tb$u@ddNwA
107,46768e09-6b9f-49fe-9480-529079f64562,Hbkk&Y40#uf3
108,4ffa7fe0-5454-480a-b648-ed038052dda1,QhomB/4|$QUR
109,3fe783d9-b8f8-4d21-b320-4fb7745702db,Sac$j51muvap
110,8a9b659b-4fff-4cef-b189-adbc7914caca,$0Rm*bmT|$eJ
111,40c5db10-1a0d-4eef-b5de-931edd347fc2,@$32r0FrrUqK
112,7d2e09cb-ceda-47d6-8cb2-5e1eb725665d,x0zQqxcY&H*U
113,4b414e31-2791-4942-9c28-46a299805848,5q#i@|e@O2ze
114,cad44a83-848c-4019-a175-291a150b9d05,CwY_31t8/j*V
115,e19ef77e-c29c-4fe6-9790-23d53ef5158f,w8Wg-OH42/z4
116,1f8da3b0-dd67-4925-a6d9-43a02d8402a7,bjKGA0|o4Xp|
117,71e13815-55fb-4734-bcac-6079160d82a0,.u0EEzq|FZX7
118,bb089c44-7126-4acd-a2fa-5e10dfa77516,kzW.Nyu.yo2M
119,d7f42940-d51d-4fc2-a604-03297e02f656,SaEIKGED0v*d
120,d46af421-9bb5-4b8e-b763-b968a6bebd0c,x_0I419oyeM6
121,b118adba-1330-4ba0-8d96-fe610dfbd41e,C-Gm7*oRRU-I
122,d286528e-a39a-4c04-8545-5e648f781052,|U*q6aV0U$8g
123,7f9a57e5-cfc5-4970-b19f-1a7b6ce22882,1nx&5$T12/$_
124,ab294050-c4b7-4116-aa15-3525c5076472,RiNX6-jp.iyq
125,852f4588-ba8f-4eeb-94fe-5c3c974ab114,598O/hMFde$d
126,d0355c37-6594-4147-91ff-8b82dfb0a6c2,VBX*0g1CkGVe
127,a708bca4-8fc9-4567-8c22-8b13d44f4f45,H4@5WWcz3-th
128,cecb7ece-fb70-4a7f-b51d-6e8dd1506ad9,ky6$dBA_S3&1
129,05cdf25a-7da5-4a7b-b721-8e63d2e3b6ec,$m#k|7vOF*1E
130,a001f3e9-5955-4b52-bb83-99a791380c56,.Jz/&Zj8&GF8
131,844d1c39-6ca2-48df-a3de-f9a12633f69c,@4qpdnZ*9GQR
132,355b4981-d84e-4055-96db-956464714214,*dQ&Ure@1SBp
133,f369d5b2-a190-4ca5-bd2b-c10016b1db1d,veYR6oJ7GS#A
134,36cfc9c6-c720-41a3-ba03-bc9d11840564,qSS$|W3*C3k4
135,6e6ae8f3-514f-4686-b1e4-14baeacb671f,O9D1/KnI_|qK
136,b2b612b0-d4ac-4b83-8d33-4ed6b295c01c,U6$EQ|sv&ueD
137,b953a648-a3e3-4d9f-a4be-28e13deaa08f,76@aQeE|*$*f
138,c4790199-5f06-4622-932a-1664a684d670,aJB*tp25Jfom
139,5a9d692d-992b-45a6-a6bb-c737d590e82b,jz|UsMM1h#1O
140,fc4aa89c-e441-4c0b-841f-3d16ffe1b235,zcrG2GZJq*Zb
141,93052e9a-d9e3-4899-ac29-7bcb7a34b0bb,QS$3tg6NHgYX
142,bf4c0305-f14c-4035-be21-8781c675b7db,-_o|NJD6oaA|
143,b096000e-3f69-4940-89ce-1230ee9d5a0a,nwQ7s&_S0mYs
144,f64742bf-8cac-4780-ae38-3e6781e0d008,Sqo0AxfC9D|H
145,12485794-a6c5-466e-b1a5-92e9c0f443e8,dtN*62xr8S|1
146,ef014976-f099-45b9-b9a8-dc3497690e47,3ixksz2/xfMb
147,d5bf8e49-c70c-45df-9675-cf3dff4458d5,AAp06IM0_auG
148,9423451c-8c37-4700-a059-f8c2f9c636b0,pm3zae*5_5$m
149,4a52ea9c-d410-4b78-a4da-6053e2ed0787,YSc@MQW1A*p9
150,9ad2f1f3-28b6-4af0-996b-ab17653d8f7b,m#n_CHu4bAn*
151,fdb2a2ee-09c2-499b-b324-d998d5226f19,xBeUqtV_|64i
152,0e003777-2825-44c6-b090-c6df626f7f4a,5/X/WF5fMFeA
153,6ca038f1-a3f6-4c2d-848e-bab8e7ae7101,K733apRCAf@j
154,8a999529-683a-4d3a-b256-ce5476e32af5,A$q.6MocxIxk
155,d011ac4d-34e9-4887-a0bf-cf7b8a6f4abb,cR6xnrURtF#E
156,cd900636-aee9-41b1-acf1-557efa0fd9cd,6fcyYF&/p-p@
157,de6ebe11-d869-447a-8fbc-08784ee1fe0f,mVTz0eS.eI@2
158,64fabecd-5e28-4fc1-915a-678c80dac058,2U6.$nWn36cH
159,5b891358-1bb3-4bbf-b8a6-a73fbe58efe7,yFOpIAdT5-b_
160,c933554e-8a17-480a-b0fc-17b8757924db,*k$FZ3Xy$XaO
161,f34eed52-632a-44aa-af2a-5b05e5bc9038,hKGJy8_7&vBz
162,6e852965-91fe-4940-bbf7-93d20ef25bda,#X&7Xx7aSzNS
163,2a113375-afae-45a3-b008-9fbb7fca92a5,Qapc8vmsxR$|
164,87be3f66-1feb-4a69-a5b1-71668f2e0baa,sC0xMh1r_.yr
165,b4f1aa40-1a13-43cc-9528-8dcde700ecf0,/9F_9@Nu@dbi
166,7dea9311-ef15-4bb0-8d61-dde04dde3557,x@Tq93rhTDh.
167,1b71b396-b42b-4d33-926e-8c5daefba8ad,$B#hrE5hkFDk
168,76353d9c-9861-4ca8-8d24-d458b1e88da5,8|ASy4N19Ckf
169,449a9a85-5ffc-4df5-a090-9d6e4c6006cb,eN1XkQ3xjc_/
170,24a7b5ac-a573-4469-be04-6f02673cd157,py_2YmbMaNns
171,0f9eca6a-cee2-4155-94ae-4e43b3b55f06,ToAWyJz#jB98
172,bbcba0c9-f5ea-4fce-a726-adde5ffcb712,cO_@ozj|p6Ua
173,7b51cca8-284b-42a5-8117-cc21f48454f5,.ROr4ds1BgqR
174,e2885dfa-4d69-4ec3-b2a1-f3713356637f,N14kYi*ZHqo6
175,552600f9-53d6-4d77-add6-0d364bb15b63,1B8XOq_70m.q
176,c08e3ee0-69fa-4a66-ad6f-e5905400d046,IQ48Wo8y&nm6
177,1821a44e-ba5e-4250-aae9-23ec9c0c26f1,2-.pOi*d1.*d
178,d9f90c91-2e37-40ca-a574-89b33a120d16,b5DH|i@kN#KR
179,09616ead-22c8-4210-8cb9-2fdc28e043ca,-T0gTG4/*wjC
180,49cc8ae0-debc-428b-918c-75d3a635a19b,X$Ymr-gvc9iO
181,1c3fea30-6be0-419a-b342-50767fd55440,93DK4RKiWt|8
182,5ad3dd08-6e9e-4feb-98ff-2c03ad4d3ef1,IVwo|4A79f87
183,73865a0e-b09d-4604-ad78-f6d2d82f76f8,_i0zjHmWu.9S
184,fcd3f564-67de-4ed5-bd3d-2c39c3338653,oGb&TyOpa36F
185,f5770761-ebcf-49ff-883a-b8040926f9a2,nj&7.6Rz9O1b
186,e3bba570-83a5-4105-b766-27582eb6ba59,Hdp5mx$80qCC
187,010d4a3a-2316-45ed-ae15-16f01c611674,ceZ9D6jK$QBF
188,1786920f-c6fd-4fa7-a0dc-70a5ccc1fc79,eEO*7pIg-Ikq
189,8d236c5c-485e-4030-b3e8-20e580afbb0a,Np1osGO|#-kE
190,f54dd1af-4b23-4781-9c2e-1960bdccac29,KpVEz2V/.Fgn
191,33454fc9-b2ea-407a-9a9d-64897cf44093,EJ3x0U-4ujCw
192,066c0f3d-90bb-4082-99ec-f307c4759f50,HFQZS_nY45_n
193,8aa4df95-ae91-4b6a-809e-85aa89e09b4c,/sO2SDs62@k3
194,78574ffd-6c17-492a-8bb0-5a0062bb7730,hWf/X@/yGpd6
195,04a29a39-c12f-480b-9521-f2d20559089f,&SpbU587nv&J
196,66de0a90-460b-420e-a657-d02bcdf65224,&caq7F#97Wz4
197,db0664e9-0545-4d45-ab47-a5a0ef52da0d,&3/IoeKn6VkU
198,1dceeee2-ab03-4adb-8cc9-05954d85d625,i-4fGYA-K_8Y
199,8dd20f15-2beb-4568-83d4-2109123f5ffd,JK@pQ9b$rk#7
200,1fd5b5d7-4514-44b8-a06b-767d1be8fb97,Tkxu0pSt8||2
201,194aca62-c623-4ba8-a7ca-bb77f17736f5,hQ@-qCE2euTZ
202,baffdce5-d444-4c8c-a815-e7d00a01f7ca,yHjn*p5zvzWE
203,a0ca0f54-f8cc-4bee-9a80-827f0b097636,VZFe80g*65h&
204,10c64243-1b39-4f8d-8add-6c767a2f2e50,pE89rEQ@y.wR
205,5666bbaf-828b-4fd1-a4f9-eeead450816d,X0QEA7nXmRZ#
206,cd1d1f54-e4ea-458e-a264-b3e9c57d902e,*Et8jgAZn3&9
207,5572d54e-4371-4e36-8069-53349880ce5b,1TX79fXMx-pp
208,a27da6fe-7844-4205-a84f-6db17bfb8935,bX|A$0$ciOOX
209,64ab927a-de28-4993-bfb2-d851cb366f73,Ou1n6_OXTcBq
210,bedd77ef-dfda-424d-8715-057ff1c5f85d,S1N-bbv7hADo
211,3c2bfff1-8a3f-4b9c-bc18-e7ea6562e436,Bt0oE8b-91@@
212,eabd08f9-513a-40a9-8932-d7e166b9941a,-*8bNyCit8rV
213,a6fd8d21-189a-4488-8ebd-8cf6173fc5fc,vz$txp.TCk0q
214,d324d82b-14a4-4a6d-a6f9-b76a1b83701a,fQcXV2pZ*/Sy
215,c2a6847e-c5d2-4158-bee5-30f8ef693dde,YMixi*E3nz70
216,c2128123-c579-48b9-8452-d1741f5a3c4c,xErp2Y@1t9ZM
217,372a8506-f31a-45fa-b563-c50305d983c3,*2q3|XnFtn_J
218,c0346f60-1c3c-46b1-b448-368b5fee8761,sB1Iq/nz9rV0
219,383da7a1-916b-41ce-8223-43afa899c86e,0N/SYU2e*vte
220,202b3372-a1d4-42bd-b4b7-b712bd24dc98,_EV08Q*HjS8w
221,45166484-2cc4-40f0-9be5-b9435ce0e476,1FbIC-tIGQ3t
222,c85bba08-490f-4e51-9049-0ac76a2d9290,EF|H3h$@MKoZ
223,7a8399b1-ca18-4612-9683-c43b023fda8b,Au/.t|93JjQA
224,8e11ec6c-6b5d-42df-a45e-aedb6131ade4,mgbZzQ.njJ3B
225,e15ce616-8e58-4d4c-a6eb-712ce571aeef,k#zD6qzOR@#-
226,2d51ecd6-9e18-40a1-9b15-cfc4f03a0e26,Oc#-2aIp/nbW
227,a7005d62-3535-4d7d-8dc5-2a4c4f725511,rA_#Tb4fJ1gt
228,73ccae2b-09be-48be-b6f8-320bc4df146a,2$@C68a7pk3@
229,7890b059-02a1-4fc7-8882-8d17b584d328,XVru1M&E@H/B
230,e4945ad4-5f21-460f-a420-98a32ef61d3d,FJ$G&mp2/7$g
231,47392cc2-4fb3-4431-b56f-c54688671786,v/IGWEg1VyaF
232,f7d7b580-e670-4921-bc67-550ec468d506,0$_eMyOdWf-5
233,bba40d4c-1a9e-41d3-923d-5232b01a0dd9,&eq*yW$N6O#_
234,63ca741d-130f-4748-b15f-f75075630a73,9-AdAvJ0$yRC
235,03172f6e-fb21-4770-8eef-513730174ab7,n&6|ztyrhXVz
236,adfc3c2f-30be-430d-8f07-9070dab88c64,eB$fqjv2#q/2
237,ca3330c5-bbbc-47e7-addb-302f2e069986,_/UfySRk82YI
238,24bca5cf-ba55-457f-8e80-49690202443c,D7joG1nt-KI#
239,4a50c62e-24ba-459b-993c-0959691cf96d,sfSM6|/mMz.v
240,0447625b-b860-483c-9f30-17ed375b1493,|CT67emrt_7b
241,1c0cea09-f0db-4ef0-a551-d67645ee4538,6W4p7b|b|XhJ
242,9077ab04-92a1-4189-aa2b-93e50a5c32ae,|n1A/1CMCrte
243,79d782c9-dc9c-456c-a243-a6d396b4d0e0,ENUbqG&b07-2
244,21ce6dc0-8668-4221-a5bc-6d6a1afe4c52,KIUbae9_6mh/
245,04630e85-e9f5-4a9b-be75-97f2c3346037,gu2nB*6Aj69/
246,f36775e8-bf5a-40a2-a223-679c05b46004,wrK&QrA36iv&
247,b0c26ab6-b914-4bb7-8cf0-e390b6411df0,@$y6uQVGbxwe
248,73f62bdf-9729-4005-ab16-b61d37573e2a,qErMmNAO-5MO
249,8a9df121-e012-457c-ade0-ead804d93818,7E&iqx5wF-0k
250,a7df9539-bc46-4527-928d-8f2911418ebd,cr62$JISQ9Um
251,8141abe7-08b5-4415-99dd-00c801d48098,&*&7wHcpc&*J
252,787b9b47-75cd-4df0-b342-e38eb7cb9d34,9b|rHFt3_pF&
253,96e4e7cd-b134-4d6a-9f30-89cf6104f923,/Gv4OFp$._sm
254,a7fe533e-f2b1-4fcd-90ec-6663ca7919e7,hI&ZTWep56O/
255,4af2e0a8-8c6b-41bc-949f-f4cafa9b2ecb,JQiJHry39.s5
256,6d4312d1-0663-474b-bd30-b0e00dd7dbc7,1#SnGCkKv//A
257,efa20606-8972-4bd7-823e-2011fe9a54e1,*k@I2vSIxnH3
258,d95287b4-213f-4b3b-b68e-b23b9f3bac90,1/&mX3B9iAAa
259,f95a8235-5c43-4926-84fb-391822847c30,tjpSyCq66@.x
260,e6a843e8-10db-454b-a39c-d133a7a75a62,6$bi*qxB@De2
261,3f8d6443-f7d9-40bf-acb5-427c853a68ca,.&1O3e1nS@p.
262,c7202949-7438-4374-a451-89ad61342068,/8uKBw1kW_iq
263,83b8cb6d-3c77-4b4d-9825-1b3521f04a09,K28kTs4sIH.r
264,84ea2e0c-70a9-4a92-aa31-cd87118379c8,HnWGei#4OoZ#
265,9b286917-8a4b-4ea7-803e-21578f6882e1,3#KTQ2V_|m5x
266,d2157fd6-bfa4-49e4-9c53-e6baf30f3ff8,R$8xkAtm$Mt4
267,79a4b9ad-e5a8-46e2-ae1d-ea32a915b73c,oZy|1Fp2v&o8
268,8be68b2d-8054-4882-8715-65297d36767a,DMvC1Gst@utY
269,f4946dee-9d49-456b-bdf5-5a8c999a666d,|fb1FSS#Vse4
270,5bf2b18d-fcdc-4ac8-9b39-e623eaad226e,@t$nSI$4c|5D
271,2d350bad-f546-4799-b04a-32236b4b3930,A$6/5||p./4c
272,8bf92fdc-0cff-4945-b5a9-7fb8ddbee686,QDfy&UCU#5z3
273,4a757679-50a3-4392-8929-bec0876f4744,1JFm5bXg4c*w
274,a0be3e9c-2d82-4145-9f71-c15e1f47fe70,5qXk6UwMDp9*
275,46d3a308-7383-47ff-802c-c97bfd727720,#gocDsky9u*X
276,354aefa8-0bd5-4943-8f93-505cf038d48a,M4#|5S#UytRp
277,94e0ed9f-bbff-4acf-b711-a04563dd6c3a,$6b#Zp*59DxE
278,a254d489-0441-4522-bde6-c59e583bb8f7,Mp1_Fp_WRy1@
279,85670231-0fce-4e52-8b4f-051a3019f867,*-qS1|N4.7H&
280,e7ff5cca-b90d-426c-a683-fef2fcb80da4,0E7OO$iHkh/X
281,ea473936-37a3-4493-a603-e59435cf321e,Zvgb$4dIrOG5
282,2335bebd-0843-4322-9585-8ab90f49def3,Kb&W3p&C34z*
283,bfb101aa-8d36-422b-8e5c-b7275d279de0,YtU4G|TCN5K8
284,9e5a9e59-cfe3-42de-8c2e-76ef7e2efa5f,b$n27W0H#1Ns
285,45ad6c75-7808-4f70-9c80-0db44f681e55,8RApMe78W|.Q
286,eace3e22-6c51-460c-bd0f-3cf0b65113fe,rNwvpU9yu/&K
287,a7b167c9-6230-4a8f-b808-9ada2dd35973,z|@2DiY*IR_i
288,7756182f-6a65-4d6a-91cb-18971b127606,7|J/IjkQ70Bo
289,92d23553-700d-488f-83a5-2ba9b9544295,AIspuHXK-&5o
290,fc01de6d-c784-4fcb-b85a-a996326f687d,6N5mutQv&wdW
291,6e4842fd-bb5f-4c15-a198-52deb8f7706a,QG9Ro#yrs$go
292,47520f8d-0b71-4fa3-9b7a-bb473e66f1b6,25NRD$gWjgfv
293,59669e7c-0190-4cbf-9e27-4898f1a35d03,OrHIyyu@Fzn3
294,88587157-4de8-4459-b6d4-fd571b847575,p$hCU1aeb$w&
295,3b95da79-b5aa-419a-9558-f4627b02ae3a,g81FI*ha.|0n
296,99b1c709-00fc-4be2-97ba-a6222e567305,749DO.ei8$#x
297,cde60f66-8df0-4bc6-8056-2ec5ba2cd638,.@v4VM7EZz*A
298,c6ec6d93-8834-4242-8a1a-dd62ae4563b0,6&oE4Efh_WXu
299,c2f724e1-8d93-49d0-b953-e058bfbd2ae7,zgdu7_1xVW75
300,52729daa-66a1-42d6-96c0-691a2d89e819,Ivj_WEw@96Av
301,5be0e71b-5810-4d2f-8a9d-bc7a4c200888,re10f1Oq8@HQ
302,bc95d200-52fc-49cd-b128-8f4150cb4714,.Xz4H5N*t5NQ
303,79f7403a-15f5-425b-8c0a-fdf26e7c926b,6ID.sgr64YG-
304,f25be418-dc57-4c06-855c-b0e6315e4189,jbS1aHU@1oiI
305,79d7013f-d845-4184-ba3e-956ddcea0fc4,$5.bwaiavGFa
306,cbe65a5a-507c-4f7f-9edf-cd2c8a934c42,n0-ow6S|GZ/-
307,4e169876-06be-4151-9ae1-b5568765ee13,ouGn292wUKC@
308,04dff6e5-123a-4c13-bd08-ad690d287173,1i|e|Sy_1#Es
309,b2888f4d-5623-43c7-b010-3678e2f4f82a,A2dUK$zVE5C#
310,608e39b8-367a-48d6-afc6-244e4c19c849,|k1wjxEKySj5
311,aeca5d2f-fa40-4b20-b684-052a771faa5c,n/0kx3KwQ@dB
312,3e89db15-7c8d-464c-8ed6-e1535438ca83,6Hx6N&rTIpRy
313,431971f5-a39f-44f8-9ef9-10502db973c9,b0p@vwHzp#O@
314,74f2ee46-fb61-4ab8-98f8-b123c2b62d2e,onSJx2$Q_Y7p
315,a7f4200a-4180-417e-ab16-8daace8bf368,_0M#xw1qS$CN
316,f9734dd4-254c-456d-afec-f6387478407d,s|5M&O/ZY$eq
317,191888f1-bdcf-4889-929f-79962b0417e0,-y18V|yxWcR*
318,e50b072e-667e-4a60-8445-ef48ac9d2be7,f_pB4NyRg6-M
319,ba190ea7-9318-4b89-a17a-907a71ef24fa,3H4pVT/gCz6q
320,4b92e3f1-b92b-48ec-9baa-2905409d1743,j/J7hxkNx&J6
321,defd47cc-95c0-4302-a284-6038e986d672,IT$cE3k42pmp
322,7c18105e-5f61-44f5-b47a-c1a8b83f542b,50&9sY2wZsng
323,f8f79900-d474-43e5-8b45-ef83fd7ab547,R9@scHK_F&B3
324,9fda53d4-6fcc-4ef5-a1fe-16e007182ec2,4Xc45U@XrMT2
325,efa3e04c-ec23-46e4-9431-a73492ad32a5,c2X#U|GThqKd
326,e3386a13-d652-45fe-abd9-f01d1b023e6f,fCW9/dA6vB4x
327,6546e352-50ed-478f-961b-fa093478c14e,2Ys&gE6oEe$t
328,de767c9e-3131-4d1a-9eed-fdd86a15d459,U8ivKn*3x4rO
329,c1de8dc8-87e2-4016-8b95-fdc64c3bc78d,KW.eYR4mFf$2
330,3e234e30-d471-4c3e-b433-220f2aa4a91d,rn/YoZm_5spF
331,da80e506-8671-42e8-98da-2ddcb06e7ffb,FRc*GnkBCaa2
332,8078aad5-fcac-4b51-b498-fbf8340db8a6,#K5cZYn8BCpV
333,ed55adb7-3395-4c69-a0b8-b85936c1731c,FWq0676KvJ..
334,9e081e53-a748-47c5-8e36-d9c858d23c14,2yC9qNVh|tKE
335,da2e9adf-583c-4905-91ec-64f162699409,f7*OI5QIQ|U3
336,ee1ad3fc-c1a2-4883-bb76-c740059a1feb,ok/9_Oi&iH9w
337,affb8a9e-4a9a-46e7-a94b-e9c90b25f444,m8OdRG&FU5SU
338,0b6a83ae-fcb1-4b75-9ffa-d52898167d66,1|xIdS&Q@hX/
339,8ba79a69-6f3f-4aa5-be2a-dfbd0119d3ea,j0yH$Zh7oSnf
340,c1cfae08-b141-40ea-a8bb-78c46cde0f3c,EFWx@gpoBQS0
341,badf923b-91ff-4838-b9f4-94c80a6931f8,u_7@2Kx$4hMY
342,0edbb001-5914-42b6-9194-0a3c753b5c25,KMq|NE$qZC4@
343,128d5c93-dfce-49a1-8d08-e9b24abcb4db,srtSWgW5pbV.
344,dcdc32d2-4c93-4509-b9e0-be4c5b5744eb,-T0.i-k9HDU5
345,0780f97f-e326-4e51-8b5c-3461eea70517,YMV@FiC0s3_k
346,0149d553-f571-4e99-867e-fcb9625d07c2,#xyej9JX3CDF
347,506c6137-e174-474f-85fb-41398ace5ef4,H6#qoKe2V|JM
348,4fa58d5a-5acd-4629-ba8d-4524661d8b74,ehJ/@IR@g4AS
349,eba0f292-1951-4af9-9f14-9d6e9db8e480,h&6|*nMGpAR0
350,7ab8d08a-bdcd-471d-86b9-3c86f19d39ba,&ztJmrWF89fO
351,df72fdee-e347-4c77-a3bb-074655dd67be,m.Kp$Vd/6*yn
352,b8c44adf-4307-4ce5-84e5-2eb98e6b17e2,SY-jtbp#7&gh
353,5846c531-ad71-4b34-9607-3a1022cddffa,_U8K@47e_dsD
354,bbd67ecb-c7fd-4965-853b-d59f385424ab,AF4Up1hh9Cd.
355,7d3adf8f-e840-4480-8353-584d743081b3,kffdI.E5i#p.
356,d10ef59e-2231-467e-bbd0-c76c73f04f95,-d9wZ-DSIeky
357,5d4057c5-e455-4ab1-aea6-3371566cd862,Vd&8ie-d@QDH
358,94aef7c4-e4a1-47df-8467-1be7a64ad884,$QKO29HJDEe7
359,851275c6-bc90-4e95-a9a7-6f42111be448,Z$vG@@Irj4$I
360,29265f8e-2df1-46cd-8689-e9cbbced50f4,/&JiiqrY3T*o
361,80bf0f47-724a-4254-b3ec-d54c15ad83b9,pik$ptO&Gr4V
362,522feca0-e3fb-4867-9663-f699fbe4f7a1,|SGpF05b/yjO
363,e901ce7f-cce0-46dc-b04f-45bd916c4cae,_CJzoV2oGFTz
364,b109dfad-954d-4a5a-91ee-6581dfeb7f93,dnZ8T-@J#UFU
365,9ec4030b-2529-4647-b325-b04c6b44874b,|-thhyH1wMod
366,afb2122f-e8e3-4ae4-9911-b8e2dc4f567d,hy5fUB0x$gxS
367,9f0696f4-ab85-48f0-9d61-44c01893d2f0,YgN2D|8ccW9|
368,5afd4157-103e-4838-9166-22c8a7104b30,2qv0*3HcK/2s
369,447813c0-3e39-4eda-9012-38bb69f026c8,6mjAO&RXAs2h
370,27a8b7b6-007d-4036-82a7-80a9ab670dcb,949df.f.DfNI
371,499223b1-e26a-4e04-b258-afc9696be065,bn-|7b3H.p/p
372,d00fc5dd-be0e-47aa-a52a-5cf9ee3a78b5,k1.pdBsY$/@H
373,f77ee33d-ba6e-40f6-a0b5-74c22aedcb45,4Gm|maF#_w4.
374,f186b9f3-8c70-4bbc-8335-4bb2ccca0a3c,o*Ar#6OpK/w7
375,7e4e6d32-15cd-4d5f-a4cc-e5c95ab35eb0,v2A#-3WBOS4q
376,841095eb-d29f-4492-8f0e-08011321e85d,MXK6K&-5/sf9
377,3f336702-bf73-4fc8-bd59-3ba77fd65d0d,qB|gd5rwX0b1
378,171508e4-8de0-4f33-b7d0-87b7ac4a8008,DQp6xp@H-7.n
379,7342aaa6-55d8-46d0-bce6-9cef87395f54,8*&R7eOu9A1/
380,6c7ce9c1-78a9-4b72-beff-366cf7aeef5c,rEhgm@i_b46S
381,53b564bb-24b2-47ac-91ba-054e71a108e9,@fSfUg7/8/Dd
382,2be232c2-45cd-4621-b16a-9bd0ff62181a,8pouhjJp#6rn
383,5ce924c7-ec4c-4b5f-93ff-2ae274654c74,Ah744M&zQw/*
384,d0bbc03d-df4e-44e3-ad4c-b5739dd67887,/h|bFEcnR&J2
385,0ba90366-87ad-4f9d-9bcd-c11e63eb6f27,WrHqDmwq*ON0
386,93947012-6d29-427b-a0a7-ea2ce8360b46,tYVvFZknc-u2
387,d9e0f5cd-e132-42d4-8727-01ba47c697b8,p3NAFk3CK-6#
388,33189b5c-5919-4e99-8b62-89b225531eac,Ux$xFW9&s3CT
389,bb05ba4c-bced-42c8-ae3d-9e732823fb44,arV0|#Ep5zNg
390,bc7b7bdb-c9cb-4d48-b5f3-da873de93a22,RDx_dAsNcR1b
391,42858ac1-95dc-464e-84bc-5585a88f616f,OVaj8JVCF/s2
392,be3eaf02-0c8a-4729-8b6e-7b40ab016e29,dZSb5CvJO-1$
393,16fe231f-5db5-4213-9ce0-ba1944eac066,_#Rp8J_.Fn.r
394,79c74afc-ec58-4b7e-8b5c-1b2c5d9ff1f5,0BTmz5p@&CYV
395,4267aaa2-7bc1-4dd5-a059-a78743dad7ed,F08CoV$n*8Uo
396,6a8faf4c-5577-4f9b-964d-6dc253b3b0c1,X@5kFs6&*KkE
397,32fbdecd-7987-4efb-9b6e-4c8e460cbd66,_WtRny84AIEb
398,ee74256b-7850-4a07-9034-6497aee04256,g819w5v/*HYF
399,12540ff0-7817-40f4-8b55-a19926736785,kn/iNrETj_0R
400,c6fc7fe8-483a-4df7-ba2b-260ea4de9aa4,u48QdEnIxE/0
401,099198eb-df60-41d1-ad22-3655b957d805,H#pganFI8*|2
402,4b8d5256-a202-4f3a-be23-5f4351251eb3,_Hsn8222$mN2
403,3047ebac-457b-4a6d-85eb-f59eef4f76cc,n05tpt@@r1b7
404,64eb57c7-d74d-4f4f-9f7f-b58a1fbc57df,zOfj5H8&Mn-G
405,ee7f6c74-a8ed-4147-b8e2-4879c8657b0f,sCcR0sUe-#Xw
406,e51205c4-1713-4360-8257-8e3fac3afb67,4|v#93oC5Myb
407,73d6a730-418f-4dbc-bc00-6d2c53bfa89a,*$apE6Om@D$b
408,732e322c-2329-497e-ba49-5b21fcfa863f,/fN/3U&koJTy
409,8507a0b0-b667-4a07-90f1-8cfb2193dcd8,Ih1.nSR&ApxJ
410,c2b13854-9810-4c78-93be-08f0b6523e8f,.3jkG/s.OnrS
411,e033651a-9391-4ca7-abe5-3823b60a12d9,#J7k-s/|K9K5
412,dea008f8-c3da-4b74-9b12-db1de6e07730,nVW/y.3/IT9j
413,da44a96f-4140-4a0d-9646-fb5415b8c371,_vF4nu2*a@|I
414,8829af4f-4e03-452d-a575-ebc892f0ad3f,B2#rpOEIY$Qw
415,5caf8d69-3d67-4264-9dc3-4dd69ddf327a,a-3-XvhcS_IQ
416,e112cedd-a98e-489e-abb0-875420d40397,E$@&m9W3SD#d
417,36267e65-b252-451f-a4f8-bfcc80594aac,jfJ7n&-IIB&s
418,b271a454-c57e-4566-899a-956e5484c5e1,3u9rkv_C_E-9
419,70794fdc-0702-4e0f-9682-8ec5d7145436,vF|0e4A3J/Uf
420,95d84986-5087-4248-b678-9fe8be9fc2be,27CfT7j|zR|.
421,48713268-0ca7-4699-a372-56af983af6f0,-.&$J9hVr*xX
422,f1fff31f-a2b2-4237-9429-4fa8d9625374,49FZO*KqYvn3
423,67156a1d-2e86-42e0-a81c-6ce3af24aca4,z3-8gXRM*FD7
424,ac6a219c-0f4a-400a-965b-18376e981cb5,QO8d_kdAYDZw
425,1a7e8f38-95df-4c27-8897-21ed04c3b98b,asIyA|q.W6s_
426,668ad49e-46d7-45ec-a4b4-dab0961d180b,K2K9GeuSJ_n8
427,a7f1fa30-89c1-408a-8610-c09db0c8d90d,vMbDY8_-_.Mz
428,8c956d17-23d5-44d1-b41e-7f26833c77fd,sOIMyv/hTN00
429,ff3714ac-c7e3-4910-905e-2a321eb28144,vog/BCoIR_0x
430,293afb6b-b727-445a-a5b5-1c7a419ba7e2,1|siMcvux3A&
431,0b93425b-2c05-40c3-a806-25807904c598,R&Ioyp7|$04Z
432,666237cb-e9f5-4126-9d0e-3706dd5f897c,|aTnaNb7.$18
433,a49b8342-1954-48dc-9322-24bbfe3662c5,g0FceWD@jhqK
434,e5b763ef-2b9f-4c7d-8dbd-1a8ffad0d649,2YY3uDz.*eQI
435,fa1b3cf1-5443-48c4-b663-ca38914a0e91,Z2xs&eNI.o0-
436,cafc2141-2307-4f62-abd1-2d6e5486d7a5,kejwY_2O9q#F
437,79f5692c-fdf7-4413-8f9e-89adecd0fb99,._Arj9@oMDQo
438,f1462368-c891-4ede-9a2f-782da4386bcf,|TuBK#-2S64h
439,53f3587e-b9bf-473a-b36e-62f0e1946fa1,*-R8tk_QeYkt
440,8960bea5-7854-4446-a6a3-2baaace4cdfa,|RtYQvEy9Mu8
441,aa01c44c-133f-4ad6-a1c1-055e54e444ea,N2gQCt.y9pkd
442,f00be2a4-f2c6-4cca-bbd7-4e6ce7b0033a,#Hm5&B_mna6@
443,9c55170c-081c-450d-b90b-3a580a820e77,nq_t5UV-pzCR
444,77f75716-3e7c-4e75-ad10-e5f04ae35002,5QbJhms4iHu#
445,c79f697b-6592-459d-9acc-6088420ea65e,7EQbI-Vu#7_q
446,756e459c-b53e-4120-b427-a80a5caebc06,*K8Jc8n7|2bd
447,a1678674-817f-4454-b79d-f8a7396bc150,#WeXx/#4Yq9Y
448,6e239b88-5153-4098-85ab-27bd7539cd0e,Uq0sMzo@H0M9
449,6f6492b6-fc11-42ed-aa0b-ec99b1cfc12a,AK43_5cG4pcF
450,cdede94e-2fa6-4100-9dfe-bbcb85db132f,e&D/vR3mrEf1
451,03963166-b49f-4440-a80d-30abb90b4a78,#/CN*cItn.u0
452,6d5c2529-b925-47e6-bb15-7ce2ce6320f3,5/WZtgSZ*e9O
453,9e431420-959d-4b8d-8f94-c35632fec209,iS6$RAyxbao|
454,fbb19794-9e58-4232-b7df-dfed61c3341f,K17.ygJ3_E0B
455,c3d53676-4539-4ac7-98a9-cc893eb9f63b,p_ozAI@$abR3
456,0c5a6873-0823-497d-b5cb-57f28a11bf62,sOQpK2#7@_bI
457,20c3ca32-ec09-4e7c-abab-9f7711cbe235,y8w4MvBpS_Kg
458,cfbc4b3a-979a-4773-aed4-c922e5c4729c,64@@@9X8h#yb
459,b2621e20-d377-469e-a59d-cfe5e580b893,75Op$z7wBBJH
460,ac89baa4-4798-4392-aeb6-a4e635721290,x1X-4.hpmRa*
461,b89ab36c-1335-4fa4-9040-d86c6c22dc8d,f0pU_ny2*p@w
462,16ff017b-226f-4df9-9ea0-74a68b064dc2,u85z-umKZ6&6
463,2fbb6d14-280c-422d-abce-ee1b27b9f90f,TigU24deQ_r5
464,43539cc7-ae47-4e90-ab68-39506ef8da30,s4UkgZ6e*cKV
465,ab6a2662-f6d1-4da6-b3ce-3929d68650d7,h&2THrn/98$H
466,c9942738-49f3-4459-818f-8da20072ff76,nXJY9_peo1r5
467,ecd32edf-a122-4d6b-a180-b84367bb726a,N-_.46#4Z&kv
468,cc257592-c844-4cc0-85dd-05bff3297ec8,jhQA0i-V5T/t
469,76ddb9d8-0c16-478e-b6e5-b5c2e4f7860e,B5Bb@/tCR2gF
470,21ea6e91-4548-4a56-8242-7d7aa6fc8fe0,VyBh#2_7ROZ4
471,65fdd955-9b96-4faa-8b71-c29b8807f709,@*_N/vq#/G3A
472,119ab996-9fbd-4243-9a4a-e821dfc6c6f9,y7@Sv$Qj$z3R
473,1c2d500e-c583-40f8-83a8-c987d21346b7,Vt|s#wnOTp0/
474,7f0a46d8-43bd-4141-ab86-92b63e1da025,2A@cB//1kevw
475,27609b77-5865-4592-a347-f842a31cf677,QFoSKT2dMzh*
476,e521bdba-f8ca-4cf9-9c4d-ade83f63e496,gDW#vQ5DRcp4
477,f830d725-640c-4c94-972a-61207b748347,x&S9_1sx5COZ
478,6d3480e3-45a3-4f7c-b97e-0901dc6c8b05,t9fD@XDYWUxT
479,9c90166d-96cb-4680-9190-35ab3e448c53,@jY_9*fg@Fk6
480,0e866809-bc7a-4014-850d-06228ed80226,p1v#3MsbGnW/
481,7fef7a7d-0198-457f-8aad-267232321717,RY2IB.1jODzi
482,fd3be685-fa44-4ccd-836a-f4a47b2d4d34,heoUGRnI@49Q
483,59cf17d9-6c13-4333-a1cb-cc5fdf63366d,7igdT5Ij_D_W
484,f4b626d3-6a08-4041-a726-c3d6305fabf3,4@HMi_o0Oq3S
485,ba756dea-d446-44aa-a3cd-304fcb047bee,Xq$K$e-p2yOX
486,a2741aa9-029e-4c1d-83f3-4f750c593299,wVR_R6AZfc|2
487,b580d37e-983a-410c-9f81-637ce14f8975,J3pwO|yJe0|-
488,a905bc35-28b4-421c-b2a6-26f7fe4e28bf,b|e9yM0p.kVF
489,b505f4b0-c176-4af0-b080-744e82af7953,XRJ#j8ff/-/0
490,1510fff3-4a1d-4606-9ede-a5342afa6886,UrMdBO8i5k|8
491,dfeb8bee-d1d7-4d41-a1de-2a42795d28a9,jo/WXQd9Uv_3
492,42f5948f-7a5f-417e-838c-e4ff331deadf,WwqwrU.9O|j8
493,c844d8ac-d5bf-45eb-b8cf-84327c9a4e97,vyqMuf8$d2p8
494,596843e0-b4a6-456b-8484-ed88f877ea8c,K$byaoM2su-*
495,55cc31db-baec-40b5-9b4d-276944000751,Os7pAgF_SmMp
496,252fc319-ec89-43e4-b28c-184e9b5542b4,F5#DHzuAQ4R*
497,a0b45d77-e330-44a3-9085-f06e636e5175,cA&qkA@iv8u$
498,2f5c3b8b-fce5-4c27-9cd0-c294d1d82054,hK9e3Wc&dv0q
499,2fa0c2b3-48c0-4fd4-b9f3-d6bfe033b175,V@d#1qb_p8-R
500,85b81fe1-9eaa-419b-9cf6-16aabba09fd6,1NoCB*yUW|71
501,ca24f616-30cc-4351-aca9-1b49297de076,6SpB6fx-fRRp
502,a6028f3c-c013-44af-97ff-949dd2096ed3,u9*3Uc882Gwn
503,22da6290-e240-4875-97ec-0c2372ff45e5,DRqWv$#K2EYc
504,c2910dc6-102b-44fe-8f7a-900d875ccb14,0#xf_3i_rnxF
505,fcee8e43-b4dc-40c3-bb1e-836292c5b03f,_d79m6-UQI*A
506,cbec03bf-d54a-41ec-9090-bb36a70028b0,2V|Yuky3YW_/
507,8fdd7aa6-b33c-429e-bcf9-b15fb189ee3c,$VK3p$z0&3ci
508,a6cd11fc-5a43-4bff-acb6-5ef4896a6c1e,q@6c.C8GRUp&
509,5bb2161d-1383-408b-a96d-344c0bd5f23a,XczgwHGxkm|8
510,aa8dc980-7ac9-41cd-91c8-863dfe401d61,ZGrHhyGU846$
511,c4f221f2-611b-4cdd-a0b6-958bbbfcf346,10EQ-Rc8Dzif
512,02f9aadd-72de-4b20-b381-f4c3b1cf7aa3,5Af.q#OXsaNc
513,1a83f5ad-8f5a-4455-835e-22cc1ef19576,xbqJ78Mp3pm.
514,02ea2f1a-ddcf-4809-8279-dde7a62e0318,_dxTs44K/kJZ
515,b656a85d-637d-458a-abd8-17219816280f,$N#27kF&nM0R
516,0b9e5e4d-2e1a-4ea6-a307-d8747ed779d0,3x0vNqd4CH&p
517,5c1660c6-e806-4e52-a76d-846df0aea060,e9oa&fq/pU6B
518,fd1e9a6d-5b50-4a6f-bd61-c884ab89f5c6,Kf@8mS1pt.SQ
519,064341a0-60ed-4d68-88a7-5c730572d285,Hfo9WrD*WXzK
520,b4a1d631-9d42-4f8b-bf8b-30d7eb2bcd4d,nS&Z.Rh0Bp42
521,85a07bb9-eb47-4fb3-8f96-c0a77f4821c6,mk.DpgiwiZ6&
522,78b7450d-df19-4780-aa37-fe093291d36a,DjqZ8|wBpO&Q
523,c986f01b-c0d0-46c6-809f-ca215706aa1d,$DvUR5n@Fk2.
524,7148eb24-d1f0-4a5c-93c0-3d2a632f25da,8kGW$@_66GMD
525,d9b90b1e-e22f-48e0-85e5-ca8a71ad06f7,O8$v./F72UsO
526,5731992d-4bce-4b84-876f-09df55166f1b,Uk.Fu/fud5my
527,99070f34-0b6f-4e84-97ea-cfc44ffaf5e8,8K9Tc-#T53Rw
528,ef544417-a448-4c9d-8ddf-cb7fb513061d,WtuB@@w.5@qY
529,a28437ae-41af-497f-92f7-f1ed28d35a74,no27H3x/2e7-
530,25d379e3-eb72-4f13-a683-b0c990d965f0,c-w1A$p.sHux
531,88ea8573-863c-47e3-b144-b810c63156a0,4@gZcMI3S_C8
532,2c3932da-bde3-4d3c-a790-ff3b0fc4fb53,|Fj#K5-ddI1q
533,9ab883b3-d1dd-4120-b19c-e78d3ea8c25c,vHYW##0x&W#H
534,f1c1d986-9e19-40df-b761-799db01c1e57,*6IEyJkbTtss
535,77a0cd86-92bb-4c6d-a91a-49ee66e353b9,5b|-q$WCaVN9
536,ea8e6623-5590-4d01-bfc1-25d86b1b4491,8_s*id3MgxGu
537,4440ff11-69ec-440b-a2bd-dc1c14105e8e,ewh_F9UOz@$9
538,e8ae3951-69d1-4257-a22b-ed03327260d7,HUaHyOu$6s8u
539,3886269a-5118-4f12-95fe-6c5440b53c0d,C2D1pB7F5_bc
540,fcc61454-1b07-4e49-a25b-29e5064e0063,Nk2$/ZJEz.N8
541,55de6142-7bb1-47f0-95c3-29fda996ef6b,nCyz0SJ&MwHR
542,4f046695-c67b-4e9a-b392-f0c6d54d580f,Ripj@JqG1EYB
543,23a1784e-a607-43d6-af0d-6e37743d7333,n&MpEMb6/&-Q
544,1aa71b23-790e-4d22-92da-c689682c8993,7-9/usq8Wxn&
545,f1921fc3-fdfc-441d-a928-27c18002fedf,-7vo|AHyI5k/
546,15545751-f1be-43db-9f35-b3aaa0a959e2,WwhsbJa2T@5g
547,2d3e8561-04d7-48eb-8bac-a978d10f5641,5xs-NODZxYV_
548,f9149e25-1799-44bf-a5aa-449b41161345,xpK*ov0d4KMV
549,c76902dd-7c4a-4c83-aee0-933dee295bac,z-MRI8jDuj_-
550,a263f1fb-ffb1-4913-997f-455b6c6ab81e,1yG6N$4-dbe4
551,1930a1b6-6533-4509-ab9f-df36f00fb8ec,sF0x-AXgdqOO
552,6dafa93d-3698-4124-9bbd-7429cc2a7374,qDU*7Jvwyt9p
553,5072b4ab-5af4-4823-8f25-05d0704dbaec,SVq-Fc|HX0-O
554,1a289f28-b73b-4d3a-83ef-2216e8837bad,Q&vq|GDU7u48
555,143a7c79-21b9-4240-b8ec-dbeb600699ea,h.FEGuz|h&N2
556,2f423855-1f84-4faa-9218-cd593bef6fe1,|zwRD2HE*G94
557,593548b9-2898-4fcc-b457-2ade24d11123,2zU63sr4Q_yX
558,bcda3cdc-3c23-4c5c-9a95-4fbceb049bc8,aVi.FR0EBMzv
559,80f7a79f-61f1-4ec3-a2c7-226611a54044,fnG$pTpoS.3k
560,aefbe288-f630-4c24-b180-535f6554ac6a,wgxpy9_$pB@5
561,9ba75b66-e3a1-4476-9494-586b7a759ea6,19e@n#W@*f&v
562,8641e13a-c832-4d97-811a-b735d0abb45e,xk/RO5h.Vb#A
563,dda6a788-814a-48f2-8ebe-bc57e4cefd92,fW8Xq4D@X|eG
564,81805635-f2f4-4844-b71b-73578520d372,j|.&cU5h7Z5@
565,ba2c1e9f-16e0-427b-97db-dc639daeaaee,tB&givte8VqM
566,96d27517-8187-4346-bfdb-83188cc4bddf,1JjU.366E/E8
567,2a5c04ff-26e1-4406-831f-be13b540cbc7,ANAJhq&9wO$r
568,33c2184c-bda1-4d31-b0cb-4f18c46822da,ZpByM_7suI0&
569,cda36bac-8f55-4856-b586-140314f6cd89,REhhWm4Say&8
570,0e796659-9d7a-4383-85c9-b72b43b80252,rFru6W@$MkZC
571,2dc2c931-b06e-4249-8a39-c33bc60c0f03,EmG_tup7R4p.
572,875d9a6a-1c7e-44a9-96a0-b4ba92e40841,6ROWQ*s|d3xm
573,6abdc54d-098e-47dc-8e11-701464386c67,oE&6Qa@mkpui
574,ec277ad1-49af-4f53-829f-9c074331160c,sVhkyfHJW/x9
575,f94257f2-07f9-4b69-8d77-f13e4ad60511,4vQM3*ba_Uj*
576,f1e270bf-45bd-481b-938f-0aed25ddbed3,bQo3gT$V.bXt
577,69b60335-4bd9-4043-ad76-26b75d7dd40a,9&|4h_4CD_ej
578,a52a8c87-d4e2-4dab-8f42-1d2989c05f26,Z4_Ht3woCnir
579,893cbc3b-e477-4310-88ac-3112ed8e06da,.R7#_#i7QVu#
580,14213801-5f47-42f9-9a84-729bdc410786,IvE.070X8*wo
581,c4104ee4-a546-4358-bba1-910ee7010952,pU.O&piG5sq0
582,28fef93f-53af-40f8-aff0-007f61a53b27,Kv1GKZp0@wFh
583,8d96aa0f-47c6-418e-9171-d3ff9e92b562,FHq*eUdpmg2T
584,3ebabd5c-40e0-44c2-8d9c-470d62889cef,--d$QDIRiI1a
585,5f1c9186-80b0-405f-9f74-c4e26beb1d01,-Ck|3Gp8g8sx
586,317ccdcf-cb9c-488c-901c-a5d61c249919,G9G-Kc24m5|q
587,2e3f986b-0894-4e57-a893-5d7eb334c829,j$#ZB*9R$r-I
588,4877881d-b098-4299-9075-febe1b3b8934,NIN|v#m5vCnR
589,e8b73cd5-45fb-423d-b51c-db52adb5d6a5,#RfsrMuVJ4oV
590,2ebc60de-f35e-40ef-ab09-ed736e6b4caa,J@Qm38G2-mK#
591,7a297104-f0bd-4ca6-aa19-c910e2a45f01,74Gpk_MQw*E.
592,7ec148ed-47a0-4d8c-a020-630b5f7a81db,2yC.i2UJB3zX
593,04a849f4-1aaf-4112-a62f-d44df4325773,b@tbuC2-HQ4X
594,2b67dfa5-83a8-49d9-9dd8-5bb4c2091516,s53M_/76k_tp
595,ca8803ac-66ef-4895-a8c4-290313fcee6f,p&CR26t9UKI9
596,2a4f645f-3287-441e-804e-a3607ee902b5,@VRB&r|xf0a5
597,eaf6eec1-84ec-454e-8a9a-eafd13da4241,RO4/8m|_q1&A
598,ed6fb8d6-c14d-4e34-a029-2dab33855ddd,gZa4_cud8p/G
599,9394cb52-7d92-4577-976e-d017af06ed8f,aZp9VJ3#/$V*
600,9ec6d974-df2b-44ec-acc2-77d96725f4f4,8|a_ztXnQEz4
601,bfbb7a29-dc54-4302-a8ca-7a3f792d9243,AJtT5xUw70G$
602,8a1d2c26-0774-4526-916f-1148e0357b5d,xgJA01@MJ7#a
603,5f7f2deb-6627-465c-980a-9b6b4bf381dc,|3/kY|xJYZX.
604,d5fcd3d4-52eb-4511-828b-eca2d5b385d9,$1&quM7vmVGY
605,bb30c9d3-913c-49ce-8cd9-75405f7a19e9,E/4nyunDGVtY
606,80d81807-e19c-4704-9138-0c89a5e8e536,-i6g1#@xi_Mn
607,1ab6d5c8-edbe-4c71-8f7a-2af7010af2ab,_5J9qMV38@bU
608,78ddb775-9cd7-46c6-87b9-277a2a92c72b,yK35hSWrp9|s
609,45840f9a-a735-45e4-beb0-b750fc9a712e,xS-e8Ue2|z#_
610,1e040769-9101-4228-9b0b-26263faf7297,tE2OgExF.IAV
611,6bac5e1a-692a-47a7-ba58-474ce3713644,$VtBCTuQ3pmr
612,64c260d6-c09b-4280-ab86-0410f555e1f4,E3BvpX0Q7w-*
613,bab51ea9-2945-4f8a-8015-e430f80a908e,8pAfw3G$Hc/g
614,ebc9c42f-9df2-4126-ab89-c0806fcfa72b,pU|HHr*Mo8rx
615,ba1525cd-efbe-40b3-ad47-e4a670c8d802,&Y2v$o/J_9U9
616,0982ef39-7ff9-4c24-8239-e9fc0667e8ca,p22s/htB1HV7
617,ef4b2429-feec-4c00-8c41-a700071957cd,pj1ssB.|5dFx
618,0ace3e15-8aa4-41c5-8b90-2408285ebcfe,uA3$*HMGI8m#
619,3a645748-8ddc-4876-8674-5c1ac5bf2899,JRu*3qQg2YV$
620,8c31f907-0b18-4df8-a9eb-1657965d93d6,Za-ccBfg|&w9
621,c67349f9-19e4-4f79-9203-55540b153492,DW7|K4wanvZ8
622,adfd8b86-9ee6-4e10-b56a-c1995bd9ef61,idW&/#cQk2@A
623,af1495be-5077-4087-98b1-9ff624c7582c,-GZa7x50V1Hb
624,61d64033-b6eb-40fd-a003-225ad15bb73b,V57z_9zq-G0x
625,5b5bc31a-0e78-4e08-a183-e2503be440b3,45Derch.2@A2
626,fa7dfb15-98af-4a78-8c9c-228dacf90153,|y.8E$itBaQ8
627,9c69f2d5-b7de-4634-84c5-bf3efd551f5e,teY-u4QhWf3/
628,88159e4d-29e0-4f53-a821-e9cc3faf21b4,.6d#c4qRTpHJ
629,4e83ed9f-f2ed-4add-8434-2fc116de704b,x1D@fw9.Wn4A
630,e93ddf88-f6bf-47d5-a82c-025ba00a6790,.F7B1R.wN-Ib
631,be8fc232-6d5c-4d97-9a1b-f9b17e06c3ff,Mps8Ge-i/W3T
632,3f2d22c9-5faf-4e71-8d83-f47071bae997,9vTU/w|7Er0Q
633,8e075015-6b2e-4cfc-bc67-a44d62c961af,qgaZ&ANX05Np
634,b3b436fa-3895-4085-ba32-6f1f2a9bfa7e,X2/9@ymU82o3
635,f277460a-39c7-4b92-aa5c-cdecf71e2ac3,Nz0i4p66n4B_
636,79066870-ef55-4bcb-b849-1edf3f6487cc,|e3mHFEAj8D/
637,6aa4b3c1-4b16-479e-a618-0fc47fb99f6e,CxOkZ/0r8eoB
638,1d4f63d2-ddc0-47bc-b2cc-6f58068a5901,T0pq/G5TNI2g
639,b4a203ec-0c99-430b-ba38-5c851f04ae17,t#GU&k4txq_6
640,60320709-0445-4112-ab79-1997cc6f3822,td|F5KGD__21
641,19dea027-3a86-4f26-8b69-bbe969cb67cf,o$W$K.R65Qe-
642,d3c9a4bd-8b91-4844-8df2-bfce4c0eef32,fEAVd5p-zema
643,cb96c95a-eaf7-4e02-9631-1c967a24ea2b,w|-IjeA7R*5*
644,a60cf760-8aa6-49f1-a24f-dfbd10097c34,m4o3MeueG3$T
645,9949467b-303f-4d3b-80e8-8db9aa1ed316,pyndGpA7Rw|b
646,e4199934-4ef7-45a4-9583-8f764af997f2,g1B*h-FSq2E8
647,9caeb667-4b89-435e-a925-68265b9e87ce,9dYM#7p.cSXY
648,734dfbb9-6320-4fee-b21a-175d3f2f14ba,&p3W8e7ED$hp
649,dc00fea9-2f95-46f9-ba8e-d382489c6e6a,I5iwRNS&9v*W
650,f1728f28-ef0c-4342-9216-a4a4e8375961,s92B@j-QYXo#
651,d8b07feb-551d-4b3c-9733-c468b8104f0c,KWQ0.Fgx@0#a
652,4eb14734-102d-442d-b683-809b100a1dea,&69b2FM..k6y
653,cc9b1521-809e-4426-81f0-1d7b307e2184,hocN8XW7ID#5
654,2174522f-1d23-47cf-b56c-4ce3193c5bab,2/dxJ4Wo&KAE
655,7b99cacb-b260-4c0a-a027-d1be359d9876,9/eJJYr|MG/2
656,b13d1ddc-4cc8-4b99-a4af-cb0c0c6f605a,7pwK55W@/NYO
657,92e610ea-e98a-49fb-b770-9dcc307a5777,wVNz8.rQApF*
658,759ef86c-a675-457a-8304-0a6f34b57f8f,oiDK-p|nso2k
659,40c83ae5-ba34-483e-b348-b558b44179ca,tFm9C|j@kWc_
660,aaa1801a-51d1-4b7e-a5b8-7e8547be60a8,$|pR@z8fJ$9W
661,ed965dc3-2f77-4277-8684-b044a57a962b,-Z6NyK&n5FNK
662,5bee22a4-3260-4bf7-9666-281fc8f1eeb9,z*6Cd/V4tjad
663,d2726876-1462-4c32-b0e6-1628fdb88c14,65f-6OkXR1kG
664,ea32ff72-a209-4c99-a5e5-09f047152280,7QUjn3MRY/jR
665,e234ae17-7d4d-4d7f-8eb6-38edc1ebebc2,&JC1qpN*Bn1R
666,23365743-e8f2-4aba-8242-15463f81f81b,tT@$9W-&kHwd
667,3c851902-c01a-499c-bf65-00125386275f,em8b@0i4r9nW
668,795b6813-1f5a-4f4b-9909-3687c1c40aac,507ns.$nRWzh
669,716348ff-0af1-48b6-9c08-2907772ba5bc,58QH|_CAmom_
670,a2e8d9a7-0eb0-4441-adb5-7cc720380f4e,9pDW#nfHi7@U
671,d4adfa2e-89ba-4ae6-9770-ef5a7ec4173a,5TskfZ8Rc@GY
672,1847f723-4c17-46b8-805a-61d8cb43c9bb,3VEF#jDh/*S/
673,19ad9612-4b4d-4a82-a323-c07168ec4d85,3ythqHxHB@48
674,13a3a783-ecc5-4ec5-b3dc-168b15cebb88,.DygOqyVJ6.0
675,887dacdd-e5ce-4556-8ff1-9e902d222d95,d5OnzAroA|*A
676,e52a1bbc-7b12-4d01-82cc-1196da05e399,m1GnYJX@4Mrv
677,fd0b3930-9d0a-45e4-a63f-deb872627381,/rjsY3j_H3XD
678,c8c1bcb3-f787-4d53-9e3f-8fc59740daa3,en0C-.BbJZcd
679,9f5eacbf-4d98-4024-a559-86d7802e4ead,gK@raUXiZU5H
680,6319546f-4629-4f12-994a-f489678bc05d,6@1TQFSkfmjc
681,18794a7c-c7fa-47d6-8387-9fc133c4e1e3,Ed5&SrhEKE&H
682,84114892-a562-4dff-8135-e01c0c8a5cc3,4d@nR59$xUiY
683,7e9b76f2-3b74-4a55-b4a3-a6a4bc51b480,$tj9A8&Wn&Vv
684,b5bbfa23-0c80-4762-a3b9-97ceebed8d27,9R$bg&yNuQDH
685,5c520448-6728-42cb-8cf2-457bc7c2b1f1,UwJ#-7ou2IN.
686,6d8fdec1-d77d-4175-b250-f1bac5472b48,8cK3*_e527AD
687,b7740f2d-d404-4021-8c0a-2c395ef9b4da,/kDZ/hpmo0fx
688,a3eb7df2-1943-4004-9ec1-d953794c638f,4HuZp*$1S6T1
689,3e66977b-83ab-433e-9cd5-91b6ea2019a3,4y&HzMI8|p1-
690,3f42f2e3-6f63-47d2-aac8-ee1f12271b47,Ey/s.#0BN8/@
691,9b50f7b9-c67c-4044-aad0-594ee95b0c29,@u00wfF0cx$R
692,97e25dc6-10bd-4ad2-9269-6e33b61870dc,4s3eg_-|USrT
693,3335451e-608b-493a-9560-f0a05dd50b17,1/&Obw17Dva6
694,de7c8b90-7d39-4245-afc5-e8d01b599ae1,OKAX0&Q#mpy&
695,a694ecfc-e39e-46dc-876e-029b32ba0135,9DqUpDS/MUrc
696,b88dac97-2026-43e9-b40f-71fc0f888ce7,ajVV9ErbGJW#
697,295044c0-c8ea-4c19-a69b-30a68f3c9502,C7rY/jr$h4tb
698,6e20fc08-a75d-43db-b642-4f15064aeb0d,FYO423t-z8j9
699,d7d1f837-a2c8-4648-b498-a02278b91a08,0T#Ej9_Ba|vd
700,98d08360-e1de-46f4-a01e-0c66c92e5567,3-MqKQppDwCp
701,6322b3dc-1e15-4df9-9d5f-dac2501d9960,/|D5K20&db5@
702,80427c8e-15ba-482f-b168-fc4f1d375179,coM*kACv0#OC
703,e1146189-55f3-4bad-9ee3-beca009d27a5,oeRtCwRY/n5R
704,baf82b89-1f3a-481e-b816-e176db1e2e26,u47D5kZ-KWF#
705,e98f6994-bee2-4238-bc9d-1997dd5a4260,y/ZT6bewf6.Q
706,af08878c-08dc-4938-aebd-cd5da315c479,tG|srX5zX2hj
707,fd3acd35-add1-4634-8c90-68ed0f638fde,wkQ6Xp5c.h-0
708,92c8d9dc-2430-4b35-8fa8-63bf6913737b,Q56h#0UczDU2
709,e36321fa-0e45-4386-a404-6e1afda736b8,2_E/FB*cp_.e
710,64b55489-6953-48af-9e74-07e56130c0e6,Czb@$5N2zxWa
711,ee6551d3-ea6d-498b-8117-b4ff3e5bd85e,8Es5&uoJ56Yx
712,c7ab72b3-8095-4913-8207-59f049a2ba98,O_1xm-dm$jbM
713,8b119fdd-0fea-46dd-9106-b5c7813e7260,vtyhMm&1YiEU
714,b48a38ae-3bb7-4e52-add7-bce581c87262,b&Oz#3z#VMCk
715,6f7f9443-cb21-4b03-8cdc-14ab4894c779,E0M5*Wz6-XCr
716,848e0227-5d5d-4bdf-8603-207cdea72e2a,n5x$7WAQQ8C/
717,eafd1fd3-3778-423a-ba79-4584bd310eb4,o0tEh1r_$pmC
718,25f2b770-8821-48f0-a7fe-460dfe3b15b8,aC0za1TphXO_
719,8fd4e053-b318-44d7-9401-0ca84b4d1347,en#7-JE@*/H4
720,7f874045-4062-405d-8c23-abb12d0af23e,X3W#j#fOutE$
721,25d6cb75-fac8-4007-a065-819121f4bab9,8-40IxxJQbUV
722,f079528f-e325-4c13-ac9f-da60cb48cdb3,YsCiovS*7tI|
723,7ee74549-5b9b-4221-9f67-5b7221d94f1a,4K_YeNpomB1f
724,81813194-e1ed-41c2-8f7a-122a60b06550,CCqN7xOx0A*U
725,c54cc071-b1fe-4341-a728-c6247909c486,9n15nZfNo$NJ
726,d08a86d9-8717-4206-8534-e81dd03a18f1,OHhqm.cz4aY9
727,8d2d059c-8114-41da-996d-639cd97d92e2,nH5S*dpCv*xd
728,2e4df8c7-8b04-4165-a1fb-e4234d8aebe7,g1NmjJ@ivbpd
729,4ba0fb24-b585-447f-a2be-392c3a50c4b6,_.U4x9KCeR$j
730,26ca976d-0b5b-4662-af41-535ff670dd5a,rAK0jM-$1X_V
731,542a3d97-d840-4f63-9cc7-5110ce3f7e82,emnKW8K16|mv
732,ab88386a-1c0d-4d1c-89fc-b38f631b3edc,#|7.erArU2FQ
733,0d270daf-d227-4461-a6bd-256676bdf824,KBB#09F-ht|6
734,c6e8d2a5-ec57-4353-9e7f-0b0bbefd1959,fO|.o4xiJS|/
735,0042862c-9889-4a2e-b782-fac1e540ecb4,bZ_HA2MV8BDw
736,b36658dd-cb89-41cf-b2e9-1d84894946d5,z-3cuAEctI@I
737,b41a82a3-26a8-4ec1-b471-9b0887b989d7,K#zpkVYY0S7n
738,cae10920-f977-48b4-a0d3-4d70ad561fd1,wCC2X.gpu$p9
739,c9e63df1-a715-4c9e-b76c-e31ec0fc3e96,rob.gAg9FkVO
740,899a4f9c-abc3-4a13-88e4-0f7862ee6ab5,dq7C1$gEe.jE
741,b2023485-94da-4556-8903-8d413bca8cb8,jSj8q&xC/ieZ
742,986fb981-de56-4d8b-a2a7-d688f7f5974f,72h9eMgBJ$-$
743,65243e61-da11-42a6-826e-a43d960d1e84,wc.Q#b2ihB*I
744,0ac1bb9f-5fdd-45a5-9891-2f826d86dc17,T/n@WzfU5#sC
745,199946d9-69de-43e1-9ce6-d6b646b84955,0d0&p.fcT#yy
746,4f0cc2f3-8492-41c9-ad38-f01219739df0,A75qm2/htmJq
747,4be910c3-22ae-4868-9dbe-667aec6e5342,k*E8#-&Wf6&F
748,f1e65288-3df1-4bb4-b67e-b41d6f1385a2,X$Ci6a|e9wJT
749,108cff4f-f9f1-4817-81a1-110697e354de,beVR*IS5_uw3
750,0522e580-6775-49f5-b471-b39624280402,@qv2XbF5Qr-a
751,9bec0b9a-f54e-4861-93ce-45c703f1929d,2egzQ8BVF&rA
752,3ef4c7dc-28c2-4436-b0cc-fa858e2e6c90,fIWd12u4.72b
753,475b2a8b-19a0-451a-b965-9c6bebf16434,T|.jfanZW8Gx
754,b87254fa-724d-4a80-8ac7-ca3c528d6e90,3crB&A&ZmC_i
755,08ea9043-5f84-46ab-9815-81d90024169a,&sFH1FWr5fOD
756,e47e6347-73d4-4244-b92e-8a7cea33d434,U.d.ta2Wx7iG
757,2c7af31a-7740-4f28-80f8-d5005ea9c6c0,|Y#Xf*w6Tx/p
758,137acc1b-dbca-473e-84bb-fe1baaf98819,q6sOuH/XHx*1
759,59486a8b-389b-4355-9df4-edc62bbd1a11,Xj6sptGg#@og
760,5137bcf1-9fc6-4187-8d8a-da1624e21751,m5W71M0y*CKb
761,0b48619e-1602-488c-a23b-3d4937153dff,aKCp_#9gf2n-
762,f588df9c-15b0-47b8-8867-00d45327b705,pVF-0x/w7u0O
763,2950e244-0ba6-4afe-ac30-e0d5529d1d1b,OnX07k$AV-6o
764,dfc7b1ae-1583-4d88-970d-02712d55070c,WuoVc2mQz**s
765,e130929b-3c86-4b5e-8b07-22537fc9e84d,b49*4UhqRR3o
766,0df7cd60-097e-4fba-90eb-f7e9d9de0b67,hVCwUv@A35sQ
767,ed043572-d676-4b8b-86d0-435151812fd4,vYI0gxXB#Yc8
768,bd06f239-4b79-4780-9f3d-2d48245b05c6,o$61iO34V#-O
769,51f196eb-b11e-493e-ad95-254285af055e,X$AQZ28Oic_K
770,b69c21d3-2a19-4833-b3a9-37bd30b64e2d,Dzm$-*Bqa88t
771,6cf93841-acdc-45c5-aca5-7c3efefd7494,wrF7Xx&Ymyp3
772,c71fe37e-26f4-4b41-b017-5be7b5e129fe,6qh-H-4b-p7Y
773,76811a9f-dd57-4949-9377-5c164d58665d,c/vG32VBKJmN
774,b5b4755b-462c-4dcf-acd1-75ca01b7c453,yQrh-@1DBKY.
775,a3abc11b-0fd1-4eb9-a69a-9075b4737612,5d2*x*XHoVk-
776,f23e12d9-2ec6-4006-b041-ea78d374e9c9,.cy4f&ppR/58
777,aeb1d328-5e2b-44e4-91ed-4527c91c7dba,$1ei-/vgKwzc
778,0288abb6-633c-40c3-ba0c-66c7d957727e,95zpG$W-UyY$
779,24aa19bf-9bda-4147-8ed3-8b8a56bd00fb,.B29zNa&AqDq
780,36421d27-328e-4b13-9fca-903c19fe49dd,X4-FXOsVRaQO
781,173c7abc-b19b-4533-aa53-7156b53df51f,G8HWgyO_3|W3
782,a543a58b-6127-448a-a737-3056c022601f,a96guD-gIFb4
783,508d609e-4740-4458-a1b0-3d2fcb0ba804,WAU_fVn2.JRk
784,00185faa-2760-4218-9bf5-db301acf8274,sV1nw3g|e/IX
785,d5e83f2c-49a2-4494-8933-da8809416e11,HejGg91O7.U#
786,4970c680-5a9b-4f7c-9d22-9c294fa476aa,mf0Yszb_GpD0
787,cb1be644-93a5-4208-8776-f5feece6967a,W8|kv0caBrKD
788,104e2a62-f1b0-4395-991b-f46edca51dac,WJbQw_$uVu0B
789,5a1848d9-9b49-4529-94f1-e463b502c73b,_spqI0zqfvx3
790,1be72444-925b-4a44-ac45-608a4ba2e8d5,wksh10S$GtgC
791,f6f561cc-1e0a-4f36-80c9-4b734d4b1a2e,jgY7|Gi6QgMG
792,b574b7cc-3294-4d3b-8cfe-81dcf7456ab4,C4FTt@vi1k@I
793,ff6948b7-3d62-4bfc-bc7d-dbb6748ed0be,W8cF-an73|An
794,f504b982-e99b-4064-ad25-9e5480e769cd,euig7/9fCe*K
795,6ec18ddf-e9ee-421a-9033-456f558c7b4b,dK*hDRu0#9u8
796,2146b1c2-74e9-4217-8869-b8121bead8cc,dUIdA@mcA40w
797,f6499733-1d98-4d73-a168-1ef765ad827f,@v8Zr1SoG0v8
798,ea521af0-e6c4-4a3c-899c-89c35c49287d,861v0m_CFj&p
799,d317663c-f8b8-47a7-915f-e3e68d1214cc,&|npom$7p03#
800,33204bf4-1feb-4369-8cc8-9edc4ad79c92,aUe1reU-2QWk
801,40bb6e06-0d00-40d1-92b9-f4f2bcee5781,g4AJe&vK&nOu
802,8bcead4c-0ed1-4350-81ae-af2e025c785b,&A95UnZ38CWW
803,892ddfec-0a9a-4b70-b13f-849db0c65254,H-dVS/bKfN1Z
804,1211c8ff-ab73-49f3-b2ab-87b7a03f6167,92NgA@bUdqpz
805,a1f0728e-75f6-4120-b460-b8394bd08c1c,swdeFOj-90MR
806,257af8d7-ba2c-4394-9a30-691e6f80d8a6,$y1p3_J2OWeW
807,6958e2b0-3c19-4217-8049-2d315c70cab5,478FCn|S_D6R
808,5c06120a-9af5-4204-951b-7a8bfc465df3,@9#umfm6B5wo
809,91ee0a50-461e-4d5b-9f49-76360b1d94d7,@0EK&yVuMvxz
810,9b745b3c-c385-44cf-b4cb-448b67e58389,|5syogx1/$7W
811,097079b1-ff8f-4ee0-8ce3-0ea744ecfa21,TB|/viN5hc90
812,7e3becd0-0053-4d2e-b57e-075b874c32a6,90u4Z3/V#a0O
813,690e0ead-590e-4008-a376-67f88c5d7bad,/MifJ$ycYR9C
814,dd0feb0d-607b-4d38-887e-657586bc28a3,D1iW-Y$j-pxk
815,11e1992a-28b9-4ee8-bb7f-1c3a7041b57d,ceW*8U_D9gGO
816,4054b69b-2082-4ce7-ae96-0c10f7da3020,Z_X3SHvanU.r
817,d2f15935-a7c8-460e-add0-a1d39c4cc584,9vgu$Y2knC$x
818,7ea0b41a-3459-4623-a288-0ac335319244,R$uzzS4IJJ5-
819,2cd4ff27-8689-4c17-b96d-f6daeeac830a,5B/&eX*HmB@7
820,8be62b06-5994-47fe-aad8-a27a02e054fa,CF6y|xpR6uCp
821,941f66eb-5ca6-45cc-b205-6de1f1a59233,5Eq_1Ct@W3K_
822,ff02f237-fedb-453b-85b1-ebfc2609c312,/YO58p/w-Y$/
823,7279ced8-7e16-4b9b-8832-47ea10aadd9c,TwpfxJ1uXr_T
824,275e4aea-c071-42d9-8ab1-a462ef4732e0,MDs#OE0*.7e|
825,65b0df4d-7a31-4a6d-9afb-96952e930f89,z/N#Dqu5RmpX
826,ce23347b-59a2-45eb-9666-391d719bd1c2,ocd9*.3|CFJ/
827,8b18172e-bdf3-4998-aa8b-0db6887cdf53,oON8p#B*mz3@
828,bd6049cf-d394-4818-8b37-a4498547844d,c*Yn5JuGa-|d
829,076688b0-f0d5-4c45-8bc6-b206684fa9ac,O6d5HMr$CmRc
830,3b8d7909-9d3f-4345-b14f-d413a136d0c2,Vp0yvgcV.NF@
831,690124c3-77f8-490a-abd1-94d318680748,IkpEb@j8bi#N
832,ab712bbf-6dc2-44b0-94f5-cde430069a6c,3.g8Mo7N&6BC
833,78a9a8d6-b3b2-47dc-b4a0-867abec7c78f,HaC54hy7#pmY
834,d21c1070-bfe3-43b7-8612-dbe5533b1e56,QvK*o*3a1VUD
835,471eb0f1-acfb-4df9-a7cf-f3af761ebd32,3_Zzg|&M0hcF
836,bfe6d48b-68bc-490a-9979-9110da2f4869,8NQppGq/1JUg
837,380e2738-59f4-4f03-a9f7-11d73c648e34,V&uo18$N#/2F
838,8a2011ce-0a46-4f2a-ab6f-be7a287f9264,MMmo_U&1w##G
839,e073858e-b506-4849-9cac-f764cd9218c2,&uFJ#411q7EO
840,2e00e359-abc8-49aa-b98c-c0cc554acf34,4Oy2#Nn4FW_m
841,631107a0-17ac-4d1a-bc95-0089f4ed90f3,AFnh7Te-xO8X
842,62494529-9ceb-486a-9510-22f7cb454dd6,vT49@*Ip3Dt#
843,5637fb76-12fb-41bc-82c9-d1a09bdae744,qo|Ybp&6sF/@
844,9b8fdfcd-a8e1-4486-ac68-82cd1e190488,z.s5.sJGW3vX
845,5a9c745c-1aae-46fc-8175-8f42b5e4fc5b,&@eyxQ8&hR0D
846,be33d994-f841-40a4-9410-66555cf90fed,#C$9|0stmgKZ
847,6c2edce4-10b2-47c9-8af0-69bfa5ab3520,oB$w@xzi$zR8
848,21a5c5d3-a090-450d-91c1-a9bf3f2902d1,Yqc8CM$i|*9J
849,a2aa6863-6e21-4b0a-b46c-40a6c0205a10,Uj2WXAiH$XN3
850,eaa47c11-c363-48a2-b6d6-7382de05bec5,8Th3|Jb#uFdp
851,f7d0c659-4b02-4eab-adce-f0a2af63b4b4,8D|DacMmO&VO
852,81e21b21-8b49-4ac1-b00d-46a7f43e46a9,QxDxcjA@j24.
853,072f2f15-605e-4c83-b0a6-0274a0474b91,*oZW*exCj7in
854,77f8a626-c96e-4aca-ad5a-755eaeb975cc,IpJwYini7&Q#
855,85a0da4b-6e8d-492c-976b-748e39daf4ef,A-p49BWn$X4&
856,7707b0b1-9d24-4ec5-9d42-d6a077c037cb,6GyXSh*./1pp
857,c123dca0-c994-4857-8563-b7f1eb6b2dc4,0G_U6D7BUdfX
858,7525003c-806f-401a-a6ae-751c39112c56,b1R&6e0RVAUF
859,0606d624-7695-41e2-96f0-0b5d3578ae24,QmsJC/YK8tYe
860,ffcfa457-00c2-4405-9837-ac2781549c7e,avMfzRr_8&&V
861,714b9c18-783d-4f52-aa64-cc3a05a286d9,b-2p2-R9@2hD
862,dbcd6f5b-6069-4f03-95f3-5c17a0f2776c,N1VaV_J_ex_5
863,169c9208-990a-497b-b778-2632875b8e78,c2zcs#GobVoK
864,5ee76f27-28b9-4eee-992f-fa9e6f04330a,09/2v@Vq@sh.
865,f710eff2-55ee-49d8-84dd-2cf92748199d,q3_WWwQ2FuHr
866,11a0d503-fad9-4633-86b2-00398d650077,noX_d*8#qWK.
867,96ef7705-0147-4231-af55-dde1c20ead7e,mSM_*W#po-I0
868,ac6253d5-c80b-444f-8e1b-e4b8b7a425f1,7YDxniOXEv$1
869,f19fb6f8-d186-43d2-b300-431a8357b4c2,p3oUD7RvOHO|
870,29c04840-6976-4653-8604-61434756f308,o_oT3v-04pv2
871,b50ec6fb-6705-488f-96d1-6c8ea38940b6,SFc0J&pwQfVB
872,41de7636-253c-4360-8cf7-6fc166b0448b,umU0C*|s7SqD
873,04db6603-0017-4cc6-a46d-6df577b0a10d,73_GU_0Qp|fH
874,9e1b6e6e-295d-418c-a94f-b2c69978d13e,UN#OD8Kc84H5
875,3dd2dd29-7cd0-48f7-b859-136c6e9d36e0,exoC|k_Q7p-O
876,07b30273-070e-47c7-9617-d12785a4c9d5,.$zw361wkoBu
877,817d7365-56fc-43f6-845e-ea9f5623d1aa,XAb4j_Dg/hDG
878,756c201c-d61c-4495-afc0-09ca95c673a4,Y3qbK0*d*zr@
879,1d2d568c-c53b-4a2d-8835-a21806cc6645,s|70vy@tpx9J
880,75cbc57d-22ee-4c74-bc77-b5f0e2c6a100,sDrrR-/6x4sK
881,49303b96-1de5-4365-9ff3-bf960aea755b,OmdQIbpgKj$9
882,f065dd0d-8cf7-4289-87a1-b296ef64be1b,9HhV@/HC6@kQ
883,1968aa31-5fce-461a-9486-6e385a7b75e7,q-$jvx5NQ9ss
884,e1b30dc8-2618-42c1-a3f8-9c2d8ac49c5f,NkH$@qm49iQ6
885,9d69e626-c968-4991-a486-79f4eab4db38,IEi9d$ExXXf$
886,51f43df4-10dd-43ef-b2ce-ed0b0b5e669b,/W#JzQ.XDxw8
887,9384b3da-e034-46fe-bcca-dc19216662c2,k8nN*4jbIIb@
888,b1d50391-79c5-403c-919f-3ded66c9d77a,p&Y#usvO&rU1
889,aa98b0ba-42d8-43a5-94b7-9f6106e01946,4#Ki|#4$I1eJ
890,ef2f5b33-d0ac-479e-8c9f-a7abba988265,SWp|2UK3O_F8
891,163bf814-7fdc-4b89-b6c3-41219880b68d,2EUUCSB8g*/a
892,49cbbe15-82cf-4ecc-b5b6-4cb6749c0c40,C$uc7H#az@HX
893,1302bca8-7576-4009-aac7-8750c7d50140,dda.|oJk2-jR
894,8811452f-86b2-49f7-b4e4-7aaa578fa407,852jnS3-YzBe
895,1b2bfa77-4f42-43e6-84a8-815fcc40c549,Bh6J#re|hy@e
896,eb17a151-7936-4b4b-a492-8c1ba9d1cc3b,H4DFK836&p.J
897,344de08b-bae0-4d79-b89e-a2b6204e1a21,JI8@Rtbe|Z4o
898,538421f8-9001-4853-8e84-59fcabdfe46d,K0yjZ#wpxA$4
899,5638c948-62e3-4727-844b-3ac11d99749a,3#nQpjZZMm3D
900,8bd293c5-cde8-4ab0-b96c-9591f372de4e,cM8aZ_J*HMFq
901,938c1e2f-10d7-47cd-820b-83dcf6293247,B1$ZxSk6Vv2$
902,10134dbf-72d1-4381-b8f3-9530cca6622a,.tYayG285yXG
903,91652d14-6f12-41a1-96fc-3048d111c4c8,H8#ncw7GSoy-
904,8aeeef59-43b3-4983-8f1d-54f3e8d5ea92,Ud-DWIQ&Zhp5
905,13db4bb8-d1dc-4158-a820-d2d1b7084fc4,qXHkx.4qkmn/
906,f874e5d6-8e2e-453d-b054-a3b5770c4cdc,Au8|bGho|m4g
907,7a397d12-fe12-47c4-9b55-69f054c71fa5,Wt6mC89b.md*
908,19d6d7d2-4f3c-437c-9378-6c9a730c3f96,wK83rQ4M#14-
909,7bac2205-8289-4efd-a05a-47203b0b85d7,4|Q0Z3r7dQ/t
910,7c87072a-b448-4939-b131-de04228b5ace,hmJ09p4C|f5w
911,c05478a7-a4df-4fd3-8d68-60b9452d4781,f/7yeY.fWB$Q
912,c914f76e-2d8c-4da3-9b2a-e98794496245,FG1j38.f42og
913,789ac868-bc05-4da7-9068-25b03a8095e0,sQi/p$x5K7q$
914,4f9208f1-d6b3-4c17-a4f1-7303589d22c4,J5-&p0XmSaBy
915,0707e55b-e026-4361-aa2b-8e922ae62c5a,5Wq52oQ//YsE
916,058590f8-c0f3-40c1-ac80-246437499d5d,V|Hf-8e28Boc
917,34382e29-6854-4353-85be-802262bfea6e,Yi$||HYgm4NQ
918,5dccb2e6-668f-41b4-add4-4020617610b3,3N*wJ*yizpyH
919,e188fafe-c1bb-45dc-9627-4ff4e4bc0ec0,pnpKQI&u9O49
920,fc37e0e0-789e-4c57-9fb1-faf457cf7912,AXXt8$NUi/Hq
921,2e7a30d7-aaac-44df-81c5-d4e4f2f8eedc,jwSx_ne@kW67
922,beb7d5fa-68f5-4ecf-9c65-ca154e5e3774,C&6QSFsZQ|pZ
923,9841342b-fa85-4526-9036-b138ffa81a2a,VZfDwM1*qzdc
924,a0a64d10-5b1e-4e17-953a-efccb0c860da,S_$fj3pORUHm
925,1a100862-757a-4450-94a6-9731a522f707,YJ0pVj*g$q0W
926,4bbde047-119f-4a12-9b68-2a89b274364e,qoUf.*9xxqaO
927,dc811097-b472-4dbd-8ce9-bb0afca44d7e,nHmR@$s8ZRg-
928,6e9ca2a6-00eb-47ca-9e31-f249a33c90ad,&#3WtuTJ_/gg
929,f0f6572b-1588-4828-bb8b-e3148692e536,knOJ@cFA7S@g
930,2abf5d21-8d0f-4263-b720-81d9d25f7a70,2jx$xn|sp5An
931,42d200ef-0872-4318-8326-08cd7056b2db,$U#kB3CoY&Cu
932,520009a5-e773-47ac-bf40-0162a153f478,fFiSs2|5F$_7
933,09cbb3f1-c2ed-426c-8c53-ffda77efcb08,$M3_WGvSd#p*
934,cf12424d-63da-4fbb-b93f-22308793cafa,bpJp-4pKrtYG
935,2c71dd97-7085-416a-aa07-d675bbe3adf2,5brh#UVU0|Yv
936,989f11f0-58cd-4b7b-a5f6-1b1c70527be3,|.VrgJJN4wI.
937,4374229d-f618-43e5-ac4f-381a47c5de8f,N.-8fMW.Am4I
938,48f06aac-21ac-44d5-9bf5-d921d30cef89,u63rqEhZBE$m
939,61417eb5-1c42-4207-afb3-c9ebef48496f,10q66gTZf|q8
940,7d61895a-dbf3-472b-9675-421381787295,Sw_5txE.*czw
941,d07f23f8-3bd1-4db1-9a36-51aedbe60821,yu.H3&Axi2Bn
942,8a789548-b3b7-46dc-9e9a-ffd4406f2961,t0&W#3Vgf*BF
943,3acf9313-1874-4dff-ab2a-3187516d92d6,&a.p47RO@7DN
944,30dd9636-c7bd-44ff-a5c9-20104ece45bd,5a|DV2nbMTGq
945,8e103091-c480-4e34-90b1-adbc829431f3,#iQI95FJ_F9v
946,d78faf3a-dfad-4b6b-a353-e688cd2b8568,24g|vEccm.Z$
947,11978d7a-93c0-4e8d-b4c6-320e6c07c5fc,U3xOpMhCz.d#
948,4fc76a3b-e39e-4091-a6af-3595e0cb607e,jQ2BY7A5z&I#
949,c94479f7-e87d-40d4-be81-fd5ab44a68c3,O9p9&3&X7nWR
950,e0503bf7-6b9e-4c70-9dc8-35b0bf3cd50b,Gn/O1W#CIpg6
951,eabfe6f1-0b13-43b2-9b6e-291363b2f856,2RXau58wH#M|
952,b56f030d-acf4-4997-91ee-fb3d9c321bfb,DA2WssgdtE@#
953,a0fa2ed6-1b9a-4e35-9126-7d8a5c891f42,BOb1RXU*MCaw
954,ce5e19e5-f448-44d9-be3f-edfc39a972b0,c#qM*896/|G#
955,b4d1167c-9adf-40e0-8295-4c3f25fdb3b4,Wd0y5v*R-zJz
956,8ea2e45c-956e-4d43-b24a-9592b3132abe,pyg039wbm|JN
957,3a52cc8f-394a-4840-968d-b595f4e3106d,Vf#j9ko/u736
958,55f5ca08-6b25-4f13-9bf8-b3f0b3301647,JMp-hHzw53/5
959,5d9d6072-7c35-41d1-aeb8-6ed653f308d2,ODw9W2NMfxm#
960,a4222dad-09bb-4049-b3dc-01b79f41012f,3ZIZx.rpNM4M
961,052c405b-ad28-4411-a81e-18cd811d1ca1,#&s-CWR39KIf
962,ab41f97a-1f4a-4718-a760-1e112514f282,5NbQ48NMB&y*
963,e598a677-2882-4849-ae19-d7cddc9d7409,YOEE4kzZD.5R
964,1686a27e-c76f-471f-b445-4e537bc2fc2f,&ik&ZuINwM1I
965,6a84665a-d614-404b-8557-f807676de5c6,SOYV2/c2WaK/
966,50ee80ee-bce0-4794-87f6-d0fb74a88f8a,DfuhJ6ak.wsO
967,953f1037-d691-4543-9a24-85baa47c9902,A3|z@HNtXQj.
968,4217ed61-af8b-47be-80d2-c84336bc01a2,qb_jKg@3##Fw
969,550f9c30-5e0c-4f28-84d2-74ee3263a645,n7OkC1|V3JoS
970,aa041f6e-348c-4fcc-b3a4-c65d2d38b996,3&p-f-gp&gJq
971,fc448035-8fc9-4893-b4eb-d1b90fc8742c,32&GhEIRo$E|
972,9c2bee19-03b6-4338-b9bd-bd73339abcb0,U|-*gCfe5-p*
973,3c8151ab-f2b1-44e1-9adc-8f27743496a4,dyS&pkZD129p
974,4f9dcdaa-fb47-412b-8288-03f8cbbc321e,$EO#U7tmuUT-
975,3042d51b-e7b8-4135-8b68-fb7a88ced16c,&1u7gKfNKRV-
976,51ab042b-d75e-45f9-ad85-019be3a051bf,-DddgA/cOD8D
977,0c1606c8-637e-4ed3-baf4-67390d8f3956,9FUD&.OK$ve7
978,89105f2f-cfa9-429c-98bf-747f68567ea1,drE$pdG9b_j6
979,71257193-1eb5-45e4-9a86-37b8f5d56340,Xp/qyx95q_b3
980,f9b8f463-595a-49c5-8c5a-18ec493301fb,x15eK1WXFNy*
981,1e3b1126-641f-4495-a31c-19cb9bed9d25,sHUK3-UuQm$R
982,ffa37e71-fa14-4e84-ba9d-aece8d1d99f9,fQ.FO.2A&&mh
983,29fc389e-f454-4907-8fa5-987f312cc32a,5TywY7S518Q-
984,b5667894-5282-4265-8a2d-bd933cdbc9ec,a1@SC4*KVM5O
985,ef0e5433-6dab-4608-86e4-5b2fb9647d2d,.AGW9&2s#yk#
986,7a8d17ee-0ec1-4dcc-8304-4e42ccaa6a38,8m|ky#oYJ/Bg
987,c038adf1-91e4-4d05-a7ce-ba039b0259b4,C1JWQhh#N$i5
988,46301870-33bf-4dfd-b12b-2ce9583001f4,Mhzp.XCXb5y-
989,2fc08e9c-5e4b-4f76-ae71-111c62a33983,YG&7jNxmo/-K
990,b16ca449-bc14-4619-a936-07f6f3db7119,&SCBEO7p@zxq
991,0ec17b30-0776-4c70-8735-a09dfc709d3c,Ikf4Q-@Uo/R4
992,b6e2e2fd-9584-4938-8b64-b61758009f72,TRmeC0NXbQ@U
993,528cb8bd-10b7-400d-9069-d599cce1b2f1,pEO1Fifa//&X
994,0e1ad739-81d1-4170-841d-414ddc97c93a,9j58D9$|nFiK
995,45d68751-751e-4954-bc9d-f7a47e21eede,MvtU-J_9pvKA
996,e7b0fe9b-a6ae-4a8a-9055-7971a07568d8,3#o_M*e4pdR5
997,05bfc523-bd56-4474-a2bb-1b74a4c1087e,8o*EOA|2BXxR
998,4e0be087-7a33-4655-a9c0-f00f23178ac1,vs|K0W@UOw3X
999,e6f591dc-9b39-4bcf-b468-700ce7745a61,Is@8NNqantn9
1000,19d2cfb8-439b-454a-b47e-5274c219005b,_ZS|o|S8ZZ5u
1001,278c5ad9-1e68-45f5-b274-0bdbb60569be,/*$6vqxgpZ.z
1002,3727f482-9fc1-4d26-8778-01b1b745e037,W|4F_qfuJ70j
1003,80a7bc09-bbee-476b-9b3f-e44984c96ca1,sBAZir-1_6B8
1004,13c98b78-98e9-41fb-a29a-686d005d98f7,hh_Z&n*JK5JD
1005,1e52e4fe-13c7-41ad-8b3e-5933fdd553c4,7gCF9W9xwxQ_
1006,c868a615-b3a7-44c6-ad66-d06b2909d689,tXfZ9$2I.qXn
1007,0e297a18-1dcc-43a3-b78a-0ca8d07e59bc,pV_hpF2en7gE
1008,92b4bd25-f752-49fe-b248-a3e4b0e89d2a,v#xkA69CI&V/
1009,f290b494-c6de-40ee-98a3-ebb9d43cfd70,vOq0mtiI_Niq
1010,ca4bcd9a-99f3-4789-aba5-024fc199ac9c,|G/YCy5bchrS
1011,8991a066-5e97-42b8-ba97-1c35bc034fea,ZK7Ec-#BJ8Yt
1012,f4286e97-28cf-4768-99f5-0d1d86295354,R-rRRHr7s0/g
1013,08180c75-dd87-418f-95ff-06fb2f434713,8&BTvkQkFRDs
1014,958e204f-f001-4a2c-bb4e-0715ac927a4f,d&X#g6/qJ3*k
1015,1474f954-3781-4de1-9d5d-27a2b8688419,nG/VQ_rn7ZO1
1016,c8b069dc-8bc4-44be-8d20-e80cd8d8d769,tUjrAh$73cuz
1017,92709d5b-63d2-4e47-b857-dccb09724ea3,kOYtDx9b_-XD
1018,f1c343ad-a38e-46e2-9ff5-aca6b77db551,20aMK$tq|qF0
1019,fb91570f-6f79-4d03-bf4f-d3d58138328e,yp|pFpm|6k8a
1020,926fc2c9-0e8c-4dd4-a00a-6d37a01dd304,G-C-vy5#&0x*
1021,22415347-d2fb-4357-aaeb-ddba23e5cdf0,|8D7T/ng/fb1
1022,10a4a009-2d24-4512-8506-f8d8c36255d5,6RhuRHx.4-*T
1023,bd805583-2b6d-4a3e-a842-d2b3396089d4,gCJ66y_ZqNS#
1024,10ab86b6-a248-4dcf-bebb-3ba143c0ea29,Ymnn24RK.$oD
1025,8db0d104-4c3f-40d3-bcf5-f5eb81b7308f,t0WfRU*WeF|M
1026,9c74e701-193c-485d-8506-4ccbeec53f75,gy4/$VK54/oZ
1027,1030d86d-86f5-4195-962a-48895ca085ab,N6JpEx#vp.#X
1028,703e4c46-ded2-4797-97fe-57fedda2825f,4I2qM-qKO5z.
1029,3b46f9a9-3447-441d-abd4-4f8e46f9e0c2,/t$1GoC4W9mc
1030,097f7be5-fdc1-42a8-b54b-65eb48c12cf1,DQOc1u&y#Kij
1031,3cb83305-83bf-4645-86bc-5d6a5ff2ab64,d|Rp-ZpD.h16
1032,8cc293ac-0a9d-4543-9253-7ccd3f4dfdb7,1doaKTpmu|_K
1033,7c6d7838-6453-4e4a-817e-39c8c387f986,jI5UK5U@J-nA
1034,8b570796-e100-47cd-a634-dbc8cd35857e,1J_7Q4dJ.pu7
1035,58100357-85b6-4334-bc2a-8998c24a4812,B/W1nhSb2CMO
1036,b37c9b35-6fea-4570-b7f6-379baf4c9399,euFt*M*@0V5p
1037,e5ed8098-6c35-447e-b216-8f5642ab01a8,Rpwt3@5_*w$I
1038,f60bf542-5ae3-4b89-b1f5-58ea3c5a46af,2CMTb#_m6tEG
1039,8505e011-20cb-4bc5-8a66-5900111fb04b,i*yGxJu|10Jf
1040,ec3f12e0-5f62-4378-aab7-2538d037df0f,NotCTqt3JI&4
1041,a96344e6-afe6-4eeb-9f95-00c62c152e8f,/E6zFN&4Bep9
1042,a60c2937-a6a7-4974-8c9b-f34370c29b7e,**yT3MGVbyV*
1043,03c5e223-c016-4477-947f-22c691d6a62c,0.S01tOJ*8u#
1044,c49c2939-79bc-4fed-951d-67855e8517cc,Ff..$NiuZ5Xs
1045,b1b10f6e-e97a-426a-9581-f1a5c29b6e05,Ay@9dV0VdnXC
1046,5cb510f1-244d-4f02-a82b-3631e998fad1,vGdpupw4cQK.
1047,5f08cc74-e542-4b93-a565-bf802a03d529,k*dUpMy7Y4/6
1048,05ad1c43-ebd3-4d3a-a254-259a4338af87,@z93NI8d2wS1
1049,3484a2ac-ae6b-4513-94c9-0c954236329e,|n0Ra$1rpGOX
1050,9043026f-7d60-4b65-9c54-8ae48769ea00,v92*X_yQw.mi
1051,271943ef-e257-48cd-aa9a-b3a685f0572b,NpE-6|NfdKh8
1052,1d74896f-fda4-4b30-892e-c486e5e32ca4,hc*n@7|_M2c9
1053,c66615db-7cfc-4ae7-bb79-647202727b08,4vXQQNz@#Y#f
1054,89ffb9a8-b18f-4ae9-adde-ed2db4f0a85a,q6eF*h_*f*Ge
1055,0f480685-25db-4292-bb41-b32ed4b61ce4,2.HyVbuT6Yz#
1056,0aaa2164-8de6-4152-8674-14d254aae13a,OmMV|r*8Mmq@
1057,a5fa511c-6acf-4994-a809-c9ce6e7c7ad9,ntCx2x7e@Hw/
1058,9c489755-e480-4304-9e44-7e10e9b74766,vvUU4O|Wug0Y
1059,d6a2da1f-ef65-4292-b637-8a0d6ac9b3ec,unH31_1wZuOC
1060,ebee7497-67ea-4a51-ade2-59d7dfca8fcf,KmN8gpZWn_j#
1061,96942a16-75bc-4026-bd63-e985b0ca1d6d,N*4NjHOZOb33
1062,55506d51-2c6a-4608-aae3-7cb2f111c926,#Anwp5y$**7k
1063,46ca94be-368f-4bb7-a7a9-a16679a7ab52,|0ds8mwS2&eC
1064,f5fce356-2940-4785-a16a-761e18a683c9,IjM3OM-S#Zj$
1065,f4bfe7d7-53a4-4dd6-b404-c6af82a52f0b,O3QDb.iU&#Ir
1066,f817806f-9256-4e6c-888f-f152e514fbea,DY@q*dXd52rm
1067,aa266066-bb51-4990-be9b-0a49fc65303e,G$33|zdgzzXX
1068,cf0a36c6-0ad2-4eee-aaa4-1e399a078128,*HSuZV6E1#Bp
1069,a7f102bb-e1ba-4417-a0c5-75dec6473034,-z_JkK/9VGpf
1070,941670d3-1832-4fa3-9316-bdaee0573887,t8.6&uJIi0O_
1071,17c1cce5-2df1-4597-90fa-60cbe557b210,2m_mvZ4iC/gp
1072,304e3c61-cd44-4251-8186-0537150ff62c,I3TnxNu*|roh
1073,87e8fd4a-d5a8-466a-ba8d-22d38d507a8a,zd3NX4OB5KR|
1074,09fc03c4-aef7-47e1-941a-618f437dfbe2,d7$.U_8C8Rxs
1075,1324aa93-d950-4796-b3f7-e1ab68c6505f,5rH_Hb-Ys#13
1076,c518f618-304a-4153-af34-b11caaa566bd,p1_pejpjmjpD
1077,2a843035-9957-46ee-8b11-eb8afebe4242,0t.byAdt#f|4
1078,726676e8-a15f-4dfe-88a0-f2616bffa746,pO.c#gFI397H
1079,cf0e5f9c-6988-4f54-b3fc-e50d7eff5378,6mep6|*zr@TV
1080,c2fa7e56-dac5-4998-b0c9-2262f1e2bdd9,fK|n-V3Tj$hg
1081,df7c1d66-eac2-49bd-9d12-ee17e8758f68,A|fpbb7dWvSn
1082,67f81ece-3fc9-48e6-bf39-3d71a1ae1234,pdi#X4WjZnRe
1083,664dea73-3a66-4f67-bc88-300660a1dec9,rKOv/.K5a.$7
1084,752141b3-ce4c-4191-a38b-f2867d5dfaac,ca5oQm/k*_9.
1085,ed58f761-d10f-442e-89a1-ae35294f0ac0,X&ge#HZu2a3/
1086,edb6c79c-43f2-434b-9796-a66cf89f5556,Od3jbA9Y#hwu
1087,d52baa01-d638-42fc-bec2-723110f9b034,wDWi|#iAf38A
1088,68878f91-5962-4ef2-83e7-43b8298c1708,3vE7Ji8*kKQe
1089,f35c2499-623e-406b-b5f2-7fdfd4d41607,r$&9a|.&hsGq
1090,a698af9c-0f49-4aae-b965-55cc05fe2269,.pUChB#xf9qd
1091,8ebc4167-461c-4634-86b8-78b89a36e49c,w@3$B8HTzpYf
1092,0325261f-61eb-46f8-acc6-89d15053fecd,4Q&Yvm&-bt$$
1093,1d97baad-7587-436e-ab04-8f7642432c71,K7Ok5m&tZMJJ
1094,32cd6f76-10ed-47e8-9547-0f6be517d213,rFQ1|3BfnRmY
1095,0047123f-12e7-486c-82df-53b3a450e365,ImJ*#OsE3b-p
1096,c1f77760-5b51-438d-8089-c0ae5140b970,#DHYK&6uOj#J
1097,716e9acb-2d79-4859-afde-f25990e5a2e0,@.U#QsKCIy71
1098,21838b2e-18ba-4627-aea4-fca5b450230d,sI6$51|b3ou1
1099,fd0fac29-72af-4f5a-801a-c9874790db1c,38j$zFEGuTh.
1100,03612a7e-6460-4ef6-9528-59d60f970b93,Upsz-C7CSDd*
1101,5ac53bc4-f585-4a8f-adaf-51c6b31c79fa,9|0kNwcCbXWF
1102,6c7a3894-fa93-418f-b086-4bf001b94a50,J-b/1Ikx4-B5
1103,982bbe5d-4df1-43d6-bc53-a80eaaa96a9b,10jkV&#mbvxO
1104,6a255e2d-4eba-4ce3-ae54-8a7107ffcb74,pMfjdN3#j6|Q
1105,b44b3fde-b4bd-46eb-8ced-caccab915738,K2bDUi@VXc3V
1106,98f91f0f-c03c-4da5-860a-c473d2c81983,1rvMgS-ps*$I
1107,1c2aa038-9366-4c7d-9a3e-52cb753a670f,#AM8k-7Y-DnH
1108,4cd6a8ff-8476-4af7-a2d5-60fc36f7df9a,0BZt@in&Bx2H
1109,66135cde-428a-4cf7-bc1d-d5ddce40d9cd,&GU#3OWN6H$v
1110,25a40443-e66c-4c78-8b13-a8610ab6b8cc,Js4-4VNdaDgp
1111,505609ce-7420-4cad-8c97-e1c42c4c79c7,x|mKN6b1ctat
1112,acd81674-e409-4199-a4f7-8142c2906e3a,XdXUm8yE7f&1
1113,59de0d88-e84d-4c2b-8c9b-12167eb03949,T2|v5$.8IwUk
1114,8d202c65-427d-4190-8c28-3aa27e1a9f4c,5vEFIEaIi/7g
1115,9bebd912-a12b-4a83-a02c-f510587246df,ahzVf4cxEo$Z
1116,8bf8631f-2fd4-4dc7-af2b-c400499fedfc,-a@XHfX/065H
1117,e6e423f1-05b0-4c31-a107-56538598a86d,-zXa.$4p9@YX
1118,9c4c1885-35af-48b9-a09f-4ea448d40d75,MXo8i4dXK40@
1119,44552b30-62c6-494b-b75f-216a0969be38,M|8n-0onF&Cg
1120,346acf4c-2ac2-4fc7-9d7b-630debf1d90b,Ady_uD.Hk5-r
1121,a52b02ff-bff3-4a5f-8fe4-f06a1712f0e6,*1x8EGV4F8Rg
1122,7ea10b44-ec00-4907-b17f-87d47b04827d,s.xFVC7He.5M
1123,b5581477-7033-4586-bc95-da6a508bdab6,ypJV6f9R9.#J
1124,2f76733b-933c-4cc5-aea2-53799158c8cc,9hE8tWX_q88c
1125,8be67377-dbfb-414a-bac8-cef5375ba2b4,ZqXA4@y-57wZ
1126,532696f2-0b76-4eb0-9aea-a74e2fb1bed2,wf4b&2M_*sCt
1127,c5d6bdfa-5554-4927-8fa8-794e5514cb56,ze1XG&_hZh*M
1128,16aea213-825e-4d66-a68c-a2757658673e,pj9-wOo9Xy4d
1129,2a6d1e58-88eb-4be0-b6b4-59a471257c2e,3GeoDKO_Vo.n
1130,87f05059-de42-4630-a35b-edb53d880640,1$y6GMJGqnn.
1131,cb7b125f-b586-4ed2-9d0c-77f449f39d8b,*VH&dEjbEp$5
1132,d441bc22-1d80-4f3f-b801-6fc9d64ac72e,$Wqx.7ABEz7s
1133,adebdea9-a5f3-4635-8524-1a9780a75156,Mmp82e@/&5yN
1134,b3bc7794-1c3c-4b5a-8476-7a6d4d3964f6,_qj.Fe7omG8k
1135,eedb8836-d94c-4a70-8491-bea52efc4ce8,I__*Ka7v-#wV
1136,43915307-83f4-4afb-a1c1-97c7ef09d905,..3cDa.FaKUC
1137,69e3f282-ba80-4cbe-9a35-d25f2055b61c,WV/1nFF5ffhu
1138,fb64057f-154f-4e21-be16-ba4bd494f76e,x*JdVHxKn29@
1139,b320b49d-b456-48e6-b037-cadc249da07e,uXbcrKSZ|219
1140,c466fefd-30df-47ac-98b3-a1cdf8e2f7c7,1hjiM_z1|IWV
1141,1d996507-b0e3-4ef8-ab62-9db3bd808105,#Wt4RDkCzogT
1142,4a676284-ffa9-4bda-bfcb-deb04aa9d774,V*DR68jh0UrV
1143,dcda9f18-59eb-402e-985b-f13c15c2131c,iZ_At2XvTE7I
1144,e5c44cce-6c6e-4c4a-8839-b18a71e59bfe,KX*fFOpSZ9p6
1145,e6ff4bf9-09c2-4976-aa84-cca142207cf8,.vW|9ysO3p8I
1146,9358d6df-b9ff-4c1f-bff7-bf29c12f8360,HVB8/C#4az0u
1147,e974e5c3-9b22-41f2-b3a3-c12848f29a73,JJK_-xUTi*4Z
1148,83c686df-0a1e-4950-9a2b-c84da98a2652,HuV8H|p5fYsM
1149,a0af88b5-1568-4545-a71a-3073c2c2ac72,da6iF|W98gWJ
1150,13b9a676-7cfd-4b7c-bdb6-43ec52b7c919,Q@J.FuSC$iZ5
1151,b75f21c7-f0e8-403c-bef7-e200aba1f573,V1-opN4D.$nH
1152,ba8a1afb-f089-4229-8e13-06213df0f74d,&cKo/m8v&Ng9
1153,8caa111c-92a3-43df-973d-fc60735b9832,v_-ED0Xpbc|K
1154,9dfbf6ed-2378-4c27-9ff7-7e5c0619c236,nig&#DSK0yQ_
1155,b940dd35-39e3-49d9-918a-316db1e223e3,x2vtWn|Q5v.u
1156,8a9a9b41-2e52-4805-92ed-3be1c2972c41,s6#DUFNINO|5
1157,d9988dce-ec05-4138-8f04-b0c77473a260,.74.Tu4f8UN0
1158,1bacaab1-708b-42fe-8f12-fbe97a725440,M|/Ey73seTWR
1159,c1a6f986-01c4-4581-ba74-bf22d28f8ace,a.HGMmqdAX0.
1160,73fc00f8-a341-4f62-be27-07c35c3460bc,KE3gH#N8b5ZX
1161,35e1afdd-e938-441d-b54e-db15db0bbcfd,CtIN1EyvZ*Ui
1162,92408d94-8b50-4e26-a6e1-42ee77823db6,GBkx$3fd*Sv@
1163,30d83f4d-837c-488d-9748-5ee0fa49edd5,BX_AO3FAnGr-
1164,6c2b1cfd-887a-43f8-bee0-000ce2fc6ef0,8fHad6n5|1DF
1165,09867b02-24b8-4896-b38b-86782dd64ef1,B*mvT6XudSKf
1166,023a7d29-32b3-4db5-89c8-b88bd7582ec0,iky*dzZ80w64
1167,1fc8dafd-90e5-44d6-9179-81156c0ea083,wdybf/HDO4Sq
1168,6d048a56-edb8-4f29-891d-7a84d75a8e78,z@pdfcR7rXGQ
1169,fca3178e-fb68-41c3-8598-702d3ca68b96,MR3_Rgp8DM4z
1170,fc817953-cc8b-45db-9c85-7c0ced8fa90d,&t_/FIti5xHV
